unitid,display_name,ipeds_name_2023,state,group_name,effective_start,effective_end,source
192819,Marist University,Marist College,NY,marist,2026-01-29,,https://www.marist.edu/offices/institutional-research/peer-aspirant
198516,Elon University,Elon University,NC,peer,2026-01-29,,https://www.marist.edu/offices/institutional-research/peer-aspirant
129242,Fairfield University,Fairfield University,CT,peer,2026-01-29,,https://www.marist.edu/offices/institutional-research/peer-aspirant
191649,Hofstra University,Hofstra University,NY,peer,2026-01-29,,https://www.marist.edu/offices/institutional-research/peer-aspirant
163046,Loyola University Maryland,Loyola University Maryland,MD,peer,2026-01-29,,https://www.marist.edu/offices/institutional-research/peer-aspirant
217402,Providence College,Providence College,RI,peer,2026-01-29,,https://www.marist.edu/offices/institutional-research/peer-aspirant
130226,Quinnipiac University,Quinnipiac University,CT,peer,2026-01-29,,https://www.marist.edu/offices/institutional-research/peer-aspirant
130253,Sacred Heart University,Sacred Heart University,CT,peer,2026-01-29,,https://www.marist.edu/offices/institutional-research/peer-aspirant
215770,Saint Joseph's University,Saint Joseph's University,PA,peer,2026-01-29,,https://www.marist.edu/offices/institutional-research/peer-aspirant
186584,Seton Hall University,Seton Hall University,NJ,peer,2026-01-29,,https://www.marist.edu/offices/institutional-research/peer-aspirant
195474,Siena College,Siena College,NY,peer,2026-01-29,,https://www.marist.edu/offices/institutional-research/peer-aspirant
164924,Boston College,Boston College,MA,aspirant,2026-01-29,,https://www.marist.edu/offices/institutional-research/peer-aspirant
211291,Bucknell University,Bucknell University,PA,aspirant,2026-01-29,,https://www.marist.edu/offices/institutional-research/peer-aspirant
166124,College of the Holy Cross,College of the Holy Cross,MA,aspirant,2026-01-29,,https://www.marist.edu/offices/institutional-research/peer-aspirant
191241,Fordham University,Fordham University,NY,aspirant,2026-01-29,,https://www.marist.edu/offices/institutional-research/peer-aspirant
213385,Lafayette College,Lafayette College,PA,aspirant,2026-01-29,,https://www.marist.edu/offices/institutional-research/peer-aspirant
213543,Lehigh University,Lehigh University,PA,aspirant,2026-01-29,,https://www.marist.edu/offices/institutional-research/peer-aspirant
167358,Northeastern University,Northeastern University,MA,aspirant,2026-01-29,,https://www.marist.edu/offices/institutional-research/peer-aspirant
216597,Villanova University,Villanova University,PA,aspirant,2026-01-29,,https://www.marist.edu/offices/institutional-research/peer-aspirant
