UNITID,DVADM01
100654,90
100663,81
100706,77
100724,99
100751,80
100830,96
100858,85
100937,60
101189,76
101365,92
101435,54
101453,67
101480,64
101541,56
101587,93
101648,57
101693,67
101709,61
101879,83
101912,89
102049,84
102094,73
102234,54
102270,56
102368,92
102377,61
102553,77
102614,67
102632,64
102669,91
104151,88
104179,85
104586,67
104717,81
105330,82
105589,98
105899,71
106245,56
106342,50
106397,78
106412,60
106458,67
106467,98
106546,50
106704,94
106713,50
107044,55
107071,75
107080,71
107141,59
107512,62
107558,56
107585,100
107877,69
107983,69
108852,89
109086,
109651,76
109785,94
110097,64
110361,80
110370,85
110404,7
110413,74
110422,38
110468,38
110486,78
110495,89
110510,78
110529,65
110538,90
110547,81
110556,90
110565,68
110574,73
110583,42
110592,76
110608,66
110617,83
110635,17
110644,46
110653,30
110662,14
110671,66
110680,37
110705,37
110714,65
110918,100
111081,27
111188,82
111948,58
111966,25
112075,78
112084,50
112260,13
112394,42
113582,100
113698,86
114354,39
114390,32
114813,67
115409,18
115728,89
115755,85
117104,93
117140,76
117168,83
117283,73
117627,57
117751,60
117946,50
118198,80
118693,65
118888,91
119173,89
119270,68
119605,89
119775,96
120166,46
120254,41
120403,80
120537,38
120661,94
120768,27
120865,59
120883,71
121150,42
121257,17
121309,84
121345,9
121691,69
122409,37
122436,59
122454,95
122506,46
122597,84
122612,70
122728,65
122755,67
122931,51
123165,35
123280,100
123457,60
123554,77
123572,89
123651,50
123679,98
123952,67
123961,16
124292,86
124706,93
124937,96
125727,70
125763,72
125897,70
126076,73
126182,100
126359,24
126562,66
126580,90
126614,84
126678,14
126687,94
126775,55
126784,86
126818,84
127060,61
127185,92
127556,75
127565,83
127653,100
127741,88
127918,78
127954,86
128106,94
128328,13
128391,88
128498,81
128586,71
128744,71
128771,65
128902,38
129020,56
129215,70
129242,56
129525,77
129774,74
129941,91
130110,94
130226,82
130253,66
130314,78
130493,80
130590,36
130624,20
130697,21
130776,81
130794,7
130934,39
130943,66
130989,55
131098,59
131159,39
131283,82
131450,63
131469,43
131496,17
131520,39
131830,100
131876,96
132408,76
132471,65
132602,98
132657,79
132842,79
132879,37
132903,45
133492,69
133526,57
133553,61
133650,33
133669,75
133711,56
133809,76
133845,91
133854,94
133863,94
133872,91
133881,70
133951,58
133979,38
134079,50
134097,32
134130,31
134945,78
135081,97
135364,44
135726,33
136172,80
136215,92
136330,92
136774,69
136950,61
137032,73
137272,92
137351,49
137476,60
137546,81
137564,43
137847,56
137953,67
137962,50
138275,54
138293,38
138354,58
138558,76
138600,68
138716,73
138761,59
138868,35
138947,59
139144,77
139199,93
139205,98
139250,96
139311,69
139366,78
139393,98
139630,53
139658,19
139719,72
139755,21
139764,73
139861,86
139931,91
139940,100
139959,48
139968,79
140234,60
140252,97
140340,92
140447,78
140553,77
140696,67
140720,75
140818,70
140872,99
140951,78
140960,46
140988,71
141060,53
141167,35
141185,58
141237,97
141264,78
141325,60
141334,78
141361,65
141486,89
141565,74
141574,84
141644,81
141981,95
142090,90
142115,77
142285,74
142294,48
142328,100
142461,77
142522,97
142957,
143048,78
143084,57
143118,84
143288,55
143358,73
143978,0
144005,46
144050,7
144281,90
144351,79
144740,70
144892,56
144962,66
144971,61
145239,50
145336,48
145354,89
145372,59
145497,83
145600,73
145619,61
145637,63
145646,57
145691,75
145725,61
145813,81
146339,57
146427,71
146481,58
146612,66
146676,70
146719,71
146755,
147013,70
147129,88
147244,71
147341,69
147369,98
147536,97
147660,53
147679,44
147703,59
147767,9
147776,61
147828,67
148016,93
148131,67
148405,51
148487,77
148496,76
148584,60
148627,79
148654,77
149028,100
149222,92
149231,85
149310,89
149329,100
149505,64
149514,86
149639,100
149772,67
149781,87
150066,67
150136,87
150145,93
150163,76
150400,68
150455,59
150534,64
150604,76
150668,92
150677,75
150756,69
150774,77
150941,78
151102,83
151111,79
151263,84
151290,63
151306,94
151324,92
151333,83
151342,87
151351,80
151360,82
151379,85
151388,67
151467,73
151777,70
151786,64
151801,91
152080,19
152099,63
152318,77
152336,99
152381,71
152390,82
152497,100
152530,70
152567,79
152600,87
152673,63
152798,
153001,56
153108,64
153126,89
153144,80
153162,82
153241,100
153250,72
153269,68
153278,79
153302,92
153320,68
153366,68
153375,97
153384,19
153603,88
153621,71
153658,84
153825,58
153834,64
153861,100
153977,92
154004,69
154013,76
154095,79
154101,74
154235,74
154262,59
154350,87
154493,65
154518,61
154527,72
154590,55
154688,93
154712,97
154721,68
154749,61
155025,86
155061,91
155070,48
155089,58
155140,73
155283,95
155317,91
155335,83
155399,94
155414,62
155423,41
155496,49
155511,52
155520,64
155627,70
155681,91
155812,60
155900,56
155937,37
155973,46
156125,80
156189,21
156213,75
156286,82
156295,33
156356,48
156365,78
156408,72
156541,81
156620,98
156745,72
157030,39
157058,84
157076,60
157085,96
157100,28
157289,65
157377,73
157386,77
157401,77
157447,87
157748,77
157757,93
157809,92
157818,92
157863,57
157951,98
158477,64
158802,65
159009,93
159382,64
159391,73
159416,83
159568,71
159647,64
159656,72
159717,63
159939,83
159966,93
159993,78
160038,95
160065,53
160074,47
160612,97
160621,43
160630,72
160658,67
160755,11
160904,81
160959,76
160977,14
161004,9
161022,45
161086,10
161226,95
161235,100
161253,92
161299,52
161341,99
161457,87
161509,70
161518,87
161554,88
161572,100
161873,80
162007,81
162061,84
162210,94
162283,40
162584,74
162654,79
162760,71
162928,11
163046,80
163268,69
163286,51
163295,83
163338,62
163453,74
163462,80
163532,81
163578,62
163851,78
163912,79
163976,61
164076,79
164155,9
164173,89
164216,80
164270,81
164368,45
164447,69
164465,12
164492,86
164535,67
164562,81
164580,27
164614,78
164632,78
164641,34
164720,83
164739,58
164748,52
164924,26
164988,20
165015,33
165024,82
165060,36
165264,51
165334,47
165529,82
165574,71
165608,96
165644,64
165662,41
165671,76
165699,70
165802,78
165820,88
165866,79
165936,68
166018,59
166027,5
166054,57
166124,38
166391,85
166452,84
166489,90
166513,75
166629,65
166638,80
166656,91
166674,70
166683,7
166692,92
166850,82
166939,52
167057,36
167260,80
167288,88
167358,20
167394,70
167455,57
167598,84
167729,87
167783,83
167792,94
167835,37
167871,38
167899,63
167987,76
167996,69
168005,86
168148,16
168218,20
168227,94
168254,89
168263,92
168281,77
168342,15
168421,59
168430,81
168528,61
168546,74
168591,67
168740,49
168786,76
168847,54
169080,73
169248,69
169327,65
169363,61
169442,55
169479,93
169576,18
169655,81
169716,79
169798,75
169910,82
169983,74
170000,100
170037,87
170082,88
170286,36
170301,78
170532,74
170639,69
170675,82
170806,68
170967,99
170976,26
171100,76
171128,70
171137,68
171146,77
171456,67
171492,77
171571,81
171599,85
171881,59
172033,100
172051,89
172264,74
172334,63
172440,83
172644,69
172699,85
173045,73
173124,69
173142,65
173160,87
173258,21
173300,58
173328,69
173452,87
173647,71
173665,69
173902,39
173920,67
173957,31
174020,62
174066,70
174075,72
174127,55
174154,92
174233,79
174251,65
174358,66
174437,93
174491,92
174525,63
174747,84
174783,73
174792,81
174817,84
174844,51
174862,47
174899,73
174914,87
175005,76
175078,81
175227,97
175272,75
175342,38
175421,50
175430,99
175616,100
175856,90
175980,70
176017,88
176035,99
176044,83
176053,29
176080,80
176318,29
176336,56
176372,96
176406,71
176479,55
176628,54
176770,100
176947,95
176965,64
176983,85
177038,55
177083,100
177117,61
177144,98
177214,71
177339,68
177418,85
177542,65
177746,59
177931,90
177968,92
177986,85
178004,
178059,95
178183,77
178208,97
178244,65
178341,98
178369,62
178396,82
178402,63
178411,81
178420,58
178615,72
178624,80
178679,98
178697,14
179043,73
179052,73
179159,56
179256,70
179265,78
179326,73
179548,64
179557,93
179566,87
179867,16
179894,53
179946,97
179955,36
179964,63
180106,73
180258,99
180416,97
180461,81
180489,96
180595,71
180692,52
180717,75
180832,57
180878,58
180984,76
181002,64
181020,69
181127,66
181215,88
181297,92
181330,51
181394,82
181446,70
181464,78
181543,36
181604,50
181738,98
181853,66
182281,81
182290,87
182458,46
182634,91
182670,9
182795,85
182917,79
182980,96
183026,92
183044,85
183062,91
183071,85
183080,89
183211,76
183239,76
183248,
183275,90
183822,85
183910,92
183974,93
184348,73
184603,89
184612,94
184694,86
184773,81
184782,78
184968,50
185129,96
185174,93
185262,78
185572,79
185590,83
185679,100
185828,66
186131,6
186186,84
186201,67
186283,76
186371,76
186380,67
186399,74
186432,85
186584,78
186618,75
186867,53
186876,77
186900,100
187134,51
187444,81
187648,51
187745,100
187912,41
187967,97
187985,96
188030,63
188429,75
188526,75
188641,64
188669,
188678,58
188696,42
188854,44
188915,100
188942,100
189088,57
189097,14
189273,72
189705,76
189848,94
189857,95
190008,12
190044,78
190099,27
190114,40
190150,7
190248,95
190372,18
190415,11
190451,72
190503,97
190512,41
190549,50
190567,51
190594,40
190600,37
190637,47
190646,78
190655,79
190664,53
190691,53
190707,42
190716,83
190725,62
190752,88
190761,75
190956,40
190983,83
191126,59
191205,47
191241,53
191515,18
191533,93
191621,92
191630,62
191649,69
191676,80
191931,86
191940,50
191968,76
192004,98
192040,58
192110,8
192192,91
192271,84
192323,75
192448,85
192509,82
192624,95
192703,78
192712,42
192749,90
192785,36
192800,100
192819,55
192864,88
192925,72
192961,100
193016,82
193052,90
193061,70
193070,84
193122,
193247,86
193292,74
193308,49
193353,90
193380,16
193399,93
193584,76
193609,100
193654,69
193900,21
193973,92
194091,75
194116,67
194161,97
194189,100
194310,83
194392,67
194499,30
194569,29
194578,66
194657,98
194693,100
194718,100
194736,80
194763,98
194824,57
194958,76
195003,74
195030,35
195128,74
195164,76
195173,85
195191,73
195216,47
195234,82
195243,87
195289,100
195304,55
195438,100
195474,81
195526,32
195544,71
195702,33
195720,68
195809,75
196006,72
196015,83
196024,65
196033,80
196042,60
196051,77
196060,57
196079,43
196088,67
196097,49
196103,60
196112,73
196121,58
196130,80
196149,52
196158,72
196167,61
196176,62
196185,63
196194,69
196200,72
196219,74
196237,53
196246,61
196291,73
196413,69
196431,84
196440,100
196583,71
196592,76
196653,53
196866,41
197027,24
197036,9
197045,86
197133,25
197142,79
197151,72
197197,70
197221,21
197230,64
197285,88
197647,56
197692,70
197708,67
197735,87
197744,50
197869,80
197911,42
197984,80
197993,73
198066,45
198109,35
198136,81
198215,52
198303,67
198385,20
198419,8
198464,88
198507,75
198516,72
198543,79
198561,78
198598,78
198613,78
198695,77
198756,49
198808,73
198835,77
198862,69
198871,82
198899,67
198950,72
198969,76
199032,71
199069,62
199102,57
199111,79
199120,25
199139,80
199148,88
199157,87
199184,36
199193,46
199209,48
199218,68
199272,61
199281,91
199306,76
199412,68
199458,43
199582,67
199607,85
199643,71
199698,61
199759,82
199847,32
199865,85
199962,83
199999,73
200004,48
200059,99
200156,72
200217,72
200226,53
200253,77
200280,87
200332,94
200484,100
200572,81
200785,92
200800,73
200846,89
201061,31
201104,74
201177,62
201195,70
201371,61
201441,75
201539,77
201548,74
201645,30
201654,59
201690,58
201821,71
201885,76
202046,67
202073,34
202134,94
202170,92
202480,81
202514,55
202523,28
202763,80
202903,81
202912,35
202985,57
203030,89
203085,81
203128,93
203368,88
203386,75
203517,84
203535,37
203544,21
203580,64
203757,78
203775,74
203845,74
203960,40
204024,92
204176,81
204185,77
204194,72
204200,60
204264,80
204468,87
204501,35
204617,49
204635,65
204796,68
204857,87
204893,100
204909,68
204936,76
205027,75
205054,93
205124,82
205391,99
205957,73
206048,62
206084,95
206349,81
206394,41
206437,77
206491,62
206507,73
206525,97
206589,65
206604,96
206613,100
206622,81
206695,70
206817,47
206835,83
206941,80
207041,96
207157,39
207263,99
207306,70
207324,61
207388,67
207403,58
207458,73
207500,83
207582,78
207722,36
207847,79
207865,93
207971,69
208479,90
208512,63
208646,94
208725,95
208822,91
209056,80
209065,80
209241,100
209287,59
209409,68
209506,95
209542,82
209551,84
209603,96
209612,89
209807,95
209825,77
209922,42
210146,90
210304,100
210331,48
210401,80
210429,79
210492,78
210571,82
210669,73
210739,82
210775,70
211024,62
211088,74
211158,89
211273,38
211291,38
211352,62
211361,94
211431,94
211440,17
211468,52
211477,89
211556,66
211583,71
211635,100
211644,94
211802,76
211893,2
211981,92
212009,52
212054,77
212106,77
212115,91
212133,64
212160,85
212197,86
212577,37
212601,79
212656,73
212674,48
212805,78
212832,88
212911,18
212984,78
212993,53
213011,82
213020,93
213163,56
213233,95
213251,67
213303,79
213321,87
213349,93
213358,69
213367,76
213385,36
213400,97
213507,78
213543,50
213598,90
213613,93
213622,38
213668,65
213774,91
213783,96
213826,82
213987,88
213996,78
214041,85
214069,83
214148,50
214157,80
214166,95
214175,62
214272,80
214290,100
214476,68
214528,62
214892,91
214971,88
215053,47
215062,9
215105,76
215114,81
215132,71
215266,79
215275,90
215284,87
215293,64
215309,75
215442,70
215594,33
215637,75
215655,86
215682,55
215691,69
215743,59
215770,80
215798,72
215929,79
215947,79
215974,41
215992,94
216010,94
216038,74
216047,100
216083,100
216278,73
216287,9
216296,86
216311,85
216339,71
216357,84
216366,70
216524,80
216542,63
216597,31
216667,90
216694,90
216764,86
216773,66
216782,97
216807,77
216852,75
216931,92
216940,30
217013,92
217040,83
217059,71
217156,8
217165,76
217235,87
217305,69
217402,54
217420,81
217484,76
217493,27
217518,86
217536,75
217624,65
217633,59
217688,54
217721,73
217776,56
217819,74
217864,80
217873,65
217882,62
217907,93
217925,51
217934,97
217961,82
217998,60
218061,75
218070,65
218229,57
218238,68
218414,57
218441,65
218539,71
218645,56
218654,67
218663,68
218672,75
218681,85
218690,72
218706,84
218724,70
218733,94
218742,60
218821,83
218964,64
218973,53
219000,71
219046,97
219082,84
219091,64
219198,78
219240,95
219259,79
219295,93
219347,86
219356,89
219383,92
219471,91
219602,91
219639,69
219709,83
219718,76
219806,79
219833,50
219903,97
219949,54
219976,62
220075,78
220181,66
220215,81
220464,76
220473,55
220516,60
220604,99
220613,83
220631,69
220701,98
220710,62
220862,85
220978,94
221351,51
221519,56
221661,74
221731,61
221740,83
221759,78
221768,65
221847,80
221892,63
221953,67
221971,58
221999,12
222178,63
222831,78
222983,49
223117,44
223232,68
223472,78
224004,93
224147,90
224226,99
224244,24
224323,54
224527,92
224545,96
224554,60
225201,41
225247,91
225399,72
225414,81
225432,93
225502,67
225511,63
225548,49
225575,56
225627,97
225991,71
226091,83
226152,59
226231,56
226383,97
226471,90
226587,47
226833,71
227216,84
227331,74
227368,82
227429,62
227526,76
227757,11
227845,91
227863,96
227881,92
228042,96
228149,85
228246,53
228325,89
228343,49
228431,76
228459,85
228468,62
228501,81
228529,58
228705,88
228723,63
228769,88
228778,32
228787,79
228796,100
228802,92
228875,48
228981,59
229018,88
229027,84
229063,66
229115,70
229160,47
229179,94
229267,34
229780,81
229814,58
230038,69
230047,75
230603,76
230728,91
230764,79
230807,87
230816,60
230834,88
230852,85
230889,84
230913,76
230959,22
230995,74
231059,88
231095,96
231165,58
231174,71
231411,70
231420,69
231554,76
231581,76
231624,42
231651,50
231712,76
232025,75
232043,72
232089,76
232186,89
232256,47
232265,36
232308,81
232423,80
232557,50
232566,87
232609,97
232618,82
232672,87
232681,75
232706,85
232937,91
232982,95
233277,79
233295,71
233301,90
233338,71
233374,31
233408,
233426,78
233541,74
233611,99
233718,76
233897,83
233921,66
234030,91
234076,23
234085,60
234155,96
234164,75
234173,74
234207,25
234827,86
235024,79
235097,79
235167,98
235316,73
236133,93
236230,86
236328,87
236452,94
236577,91
236595,83
236939,80
236948,56
237011,94
237057,54
237066,91
237118,53
237136,49
237145,63
237181,92
237215,90
237312,61
237330,91
237358,69
237367,94
237525,89
237543,82
237561,79
237640,95
237792,98
237899,89
237932,68
237950,55
237969,66
238032,84
238078,77
238096,
238193,78
238324,96
238333,58
238430,77
238458,72
238476,77
238616,71
238661,91
238980,92
239017,69
239071,80
239080,68
239105,82
239309,62
239318,60
239390,53
239512,64
239628,74
239716,84
240107,79
240189,80
240268,84
240277,90
240329,75
240338,96
240365,79
240374,66
240392,92
240417,90
240426,86
240444,57
240453,79
240462,81
240471,77
240480,87
240727,94
241191,100
241225,88
241331,80
241395,98
241410,91
241720,88
241766,80
241836,95
241951,89
242042,88
242556,86
242565,100
242583,84
242617,45
242626,43
242635,39
242644,41
242653,62
242662,35
242680,49
242699,42
242705,48
242945,83
242954,71
243106,88
243115,61
243133,91
243142,43
243151,89
243179,53
243188,68
243197,67
243212,50
243221,49
243443,43
243568,86
243586,97
243638,83
243665,100
243744,5
243780,67
243799,13
243832,56
244233,89
244437,100
245652,69
245777,36
246071,
247065,80
247649,55
247773,93
248633,54
248934,80
250027,95
260336,
260363,100
260813,45
260992,81
262086,95
262129,70
262165,79
262466,100
363439,100
363934,81
365213,53
365383,45
365763,73
366711,79
368407,100
368443,100
368452,49
368647,
369455,72
369668,86
373711,88
375966,100
376321,94
377218,73
377546,84
377555,88
377564,86
379621,88
382416,100
383525,57
384254,45
384421,77
385619,75
386153,83
386472,92
392354,100
399911,52
405058,87
406422,72
406547,75
408729,94
409698,86
414878,39
417327,95
417628,75
417646,50
417655,86
417682,100
417716,71
417734,90
417752,33
417868,27
417992,100
418010,61
418029,100
418056,67
418065,99
418427,53
418445,58
418481,100
418524,58
418588,63
419031,71
419217,100
420325,49
421832,100
421841,96
422695,38
426314,63
427308,88
428170,91
430485,
430670,83
430883,100
430971,100
431105,80
431266,64
431600,25
431983,
432524,64
433040,100
433174,32
433536,92
433660,77
434362,85
436818,97
436827,94
436836,91
437237,78
437705,
437732,4
438337,100
439455,72
439701,94
439862,97
440396,86
440828,77
441487,63
441593,100
441609,67
441636,67
441742,96
441858,56
441900,90
441937,79
441982,16
442213,100
442356,54
442426,63
443058,31
443261,100
443410,38
443599,47
444413,67
444866,100
445188,85
445267,100
445692,91
445708,82
446048,92
446233,76
446303,88
446385,77
446561,20
447263,100
447689,95
447953,56
449384,50
449506,100
449612,23
449658,70
449764,72
449834,
449861,80
449931,9
451149,100
451158,100
451352,100
451370,100
451398,75
451404,92
451927,88
454184,39
454227,92
454236,68
454245,63
455196,34
455257,78
455664,24
455770,42
456959,74
457129,100
457350,88
457484,60
457925,60
459417,21
459842,91
459851,93
459949,60
460181,95
460190,89
460206,98
460349,36
460376,
460385,34
460871,64
460914,89
461254,100
461528,100
461759,91
461847,94
461953,100
462354,77
463056,96
464226,28
466921,74
466930,86
475200,100
475422,100
475477,100
475608,100
475635,50
475705,100
475732,35
475741,53
476601,100
476683,100
476692,79
476753,44
476975,98
479062,82
479992,100
480499,33
480569,100
480781,58
480912,25
480921,100
480985,100
481058,50
481137,96
481182,
481225,100
481410,40
481438,57
482149,83
482158,99
482185,92
482228,68
482413,40
482422,40
482431,46
482440,50
482459,40
482468,40
482477,44
482486,100
482538,0
482547,
482556,33
482565,33
482574,32
482608,67
482617,33
482635,50
482653,67
482680,81
482936,58
483018,85
483036,92
483124,73
483814,51
484473,62
484905,93
485360,100
485698,65
485856,
485999,69
486017,88
486026,100
486196,74
486202,56
486284,87
486488,100
486512,94
486840,83
486901,99
486938,83
486947,100
486956,100
486965,91
487092,24
487375,89
487524,85
487588,100
487658,91
487746,100
487861,72
487977,100
488004,
488226,100
488305,97
488314,43
488350,40
488420,78
488590,75
488785,64
489344,33
489353,17
489937,50
490054,57
490063,100
490133,72
490203,100
490319,88
490382,58
490498,50
490504,100
490513,47
490805,63
491057,63
491075,79
491251,76
491288,100
491297,
491446,84
491525,83
491613,100
491622,86
491631,81
491640,95
491710,82
491765,94
491817,70
491914,96
492476,80
492759,91
493479,70
493594,25
493619,50
493646,96
493664,100
493682,90
493707,83
493716,50
493798,68
493813,100
494162,95
494171,95
494278,78
494287,68
494463,89
494685,80
494807,51
495031,50
495420,88
495439,100
495448,100
495457,91
495767,78
495916,100
