UNITID,GBA4RTT,GBA6RTT,GBA6RTM,GBA6RTW,GBA6RTAN,GBA6RTAS,GBA6RTNH,GBA6RTBK,GBA6RTHS,GBA6RTWH,GBA6RT2M,GBA6RTUN,GBA6RTNR,PGBA6RT,SSBA6RT,NRBA6RT
100654,11,29,20,36,100,100,75,28,50,32,36,25,25,26,37,38
100663,38,61,56,65,67,74,,59,71,61,54,60,60,52,59,69
100690,25,25,25,,,,,0,,50,,,,0,0,100
100706,31,57,55,60,75,44,,48,53,58,42,69,83,48,45,68
100724,15,32,23,37,0,0,100,32,29,33,24,20,30,29,38,48
100751,52,72,70,74,52,72,75,62,67,74,64,90,70,56,67,78
100830,10,30,25,33,17,40,0,24,100,34,33,0,45,25,25,41
100858,51,79,74,83,79,78,,69,70,80,,67,68,67,75,82
100937,65,71,63,80,80,86,,53,100,71,,,,53,72,77
101116,12,18,0,21,0,,,20,,0,,,,15,0,
101189,16,27,22,37,0,0,,21,21,33,23,0,29,26,24,30
101365,,,,,,,,,,,,,,4,0,
101435,33,42,41,43,0,0,,57,57,40,38,29,0,46,44,37
101453,,14,20,0,,,,,,14,,,,0,,100
101480,22,46,39,52,33,60,100,28,26,51,,40,38,36,43,56
101541,41,48,,48,,0,,67,,49,,33,100,50,40,41
101587,32,42,38,46,,100,,35,33,49,25,38,29,31,44,43
101675,14,24,18,31,,,,24,0,17,0,50,,22,41,36
101693,32,48,41,53,25,,,16,75,53,46,58,62,39,85,29
101709,35,54,45,59,,83,,58,70,53,33,63,11,46,55,61
101879,27,50,41,56,100,0,,38,48,53,39,51,50,41,53,57
101912,27,50,42,56,50,0,,50,60,0,,56,52,43,51,59
102049,66,77,75,78,100,64,,55,85,78,73,100,86,70,68,81
102094,26,45,36,52,64,68,100,37,43,48,51,30,31,37,44,52
102234,46,57,45,64,75,100,,44,13,61,40,50,69,48,59,64
102270,10,21,9,33,0,,,21,0,25,0,100,,21,19,24
102298,8,30,26,37,,,,30,60,10,,50,,35,38,4
102368,27,50,45,53,50,33,50,32,48,56,38,61,38,37,54,59
102377,28,52,42,58,,0,,52,,0,,53,0,58,45,
102553,13,31,30,33,8,34,10,15,29,37,25,35,46,13,27,32
102614,22,43,43,43,24,43,100,0,42,48,50,40,75,19,28,36
102632,7,14,7,18,0,0,0,0,25,20,0,21,,2,8,13
102669,50,56,60,54,0,,,0,0,67,100,67,,60,57,0
104090,23,26,14,33,,0,100,17,27,27,0,,,2,0,3
104151,51,66,63,69,34,77,64,54,60,67,62,67,76,58,62,72
104179,49,65,61,69,26,76,55,43,62,67,59,65,72,55,58,71
104586,38,59,59,60,33,61,100,38,51,64,51,58,50,53,56,64
104717,39,47,45,48,41,44,39,40,44,51,42,38,,40,52,54
105330,42,57,53,59,37,60,29,32,52,61,50,33,66,50,55,63
105589,32,49,63,40,,,,0,67,53,25,100,0,41,50,64
105899,38,44,34,58,,50,0,14,32,55,27,,50,33,32,60
106245,26,40,38,41,50,69,,32,39,42,41,,43,34,31,49
106306,,,,,,,,,,,,,,1,0,0
106342,37,43,36,54,33,100,,43,25,45,,30,0,35,47,49
106397,50,68,65,72,40,75,43,56,66,70,53,45,81,54,62,75
106412,24,39,31,45,,100,,39,25,40,0,0,100,36,28,61
106458,37,51,45,57,36,67,50,36,35,55,,50,42,40,50,63
106467,27,41,38,44,75,20,,19,39,46,17,,61,28,28,52
106485,17,26,22,30,,33,,7,43,38,8,8,0,10,7,59
106704,31,45,40,49,29,64,50,26,42,51,43,60,71,34,43,59
106713,32,44,45,44,67,,,14,38,47,50,,50,31,32,46
106810,16,37,48,25,,,,,100,36,,,,33,11,20
107044,50,72,68,74,50,60,,57,62,73,61,0,74,62,68,77
107071,23,34,26,41,,50,,17,43,42,21,0,67,25,28,50
107080,59,65,61,69,50,83,0,50,35,67,50,100,100,46,0,86
107141,56,64,54,73,40,100,,50,55,66,62,63,78,60,70,65
107512,54,60,49,72,33,100,,34,39,63,,,89,45,59,66
107558,33,47,49,46,0,0,,36,50,44,38,,93,39,36,65
107600,25,34,33,34,,,,31,100,,,,100,32,17,58
107877,29,37,28,46,0,,100,47,100,36,100,,0,35,39,39
107983,28,41,37,44,100,80,67,26,24,47,100,100,40,34,41,51
108092,20,31,29,32,30,43,,18,34,31,21,,46,21,25,35
108232,7,45,38,50,57,35,29,20,36,37,39,35,60,30,33,51
109651,33,71,66,75,100,71,100,33,69,76,75,0,74,78,60,73
109785,51,66,59,70,,74,55,40,59,70,75,78,62,54,68,72
110060,19,24,16,42,,33,,18,16,26,,0,100,33,20,13
110097,56,71,67,74,50,76,,57,60,77,61,77,64,65,73,75
110219,45,45,50,40,0,,,62,0,59,0,20,,5,18,4
110361,41,62,57,65,40,70,71,46,54,70,61,74,68,56,60,74
110370,52,67,53,74,,80,33,64,59,56,,80,73,61,67,70
110404,86,92,91,92,,96,,50,76,91,100,,95,92,67,92
110413,66,71,64,75,100,80,100,64,74,70,69,60,58,70,71,71
110422,53,83,80,86,100,83,67,58,78,85,82,82,67,78,84,84
110468,7,20,25,18,,,,,17,0,100,,0,23,0,0
110486,15,46,42,49,60,51,,34,45,49,47,50,65,45,45,51
110495,19,57,55,58,67,66,67,30,56,59,57,57,58,57,58,58
110510,19,59,53,63,25,59,75,54,58,63,47,62,63,58,65,59
110529,30,67,63,73,29,79,14,53,63,71,58,62,62,63,69,71
110538,29,65,60,69,62,60,83,57,61,71,61,69,59,60,69,69
110547,12,48,37,53,0,58,67,43,48,58,43,32,42,46,51,52
110556,19,58,51,62,33,50,67,42,57,66,61,61,57,54,59,65
110565,26,69,62,74,33,75,63,71,67,68,72,77,53,67,71,70
110574,17,47,43,49,67,58,43,30,44,54,43,47,58,42,52,54
110583,29,73,68,77,50,81,50,61,71,72,71,72,69,73,69,75
110592,9,52,46,57,0,63,50,48,51,57,56,48,49,52,52,54
110608,15,55,47,61,75,67,33,41,52,66,54,54,45,53,57,58
110617,15,54,49,57,38,56,42,43,50,60,53,55,55,50,53,59
110635,76,92,91,94,64,95,100,83,86,93,94,96,90,89,92,94
110644,64,86,83,88,77,90,78,82,78,89,85,91,85,83,86,89
110653,69,85,82,88,,91,86,82,79,87,85,88,81,83,87,86
110662,81,91,89,93,82,94,81,81,87,93,91,92,91,88,91,93
110671,62,77,74,80,63,82,63,78,74,79,74,78,61,77,81,77
110680,68,87,85,89,100,92,100,77,80,85,87,86,86,84,90,88
110705,69,84,82,85,83,85,94,78,79,87,87,81,85,81,83,87
110714,55,76,71,79,80,83,60,74,71,76,73,80,72,74,77,77
111081,56,66,62,69,100,77,100,61,61,64,50,60,74,67,64,68
111188,48,61,60,65,100,63,100,0,54,66,65,42,33,64,68,56
111948,73,80,76,82,,88,83,67,76,79,85,89,70,75,84,79
111966,,,,,,,,,,,,,,,,0
112075,47,59,58,59,100,52,100,38,52,65,67,0,44,48,63,66
112084,37,48,38,58,,,0,33,54,54,50,0,33,45,55,20
112260,81,92,92,92,100,100,100,93,90,90,94,100,92,91,93,92
112394,22,46,44,51,,56,0,43,46,43,40,42,50,36,54,57
112570,27,40,41,39,,,,30,15,57,43,0,100,13,20,3
113582,33,33,0,40,,100,,,0,0,,,,0,50,33
113698,62,74,66,77,100,84,50,68,67,74,64,50,100,66,76,80
114813,56,67,66,68,100,44,67,33,67,73,100,75,60,64,67,74
115409,84,93,92,93,100,98,,40,95,92,85,100,100,84,89,95
115728,27,39,27,50,,60,50,38,41,26,0,,50,35,36,50
115755,22,49,48,50,40,61,75,33,45,54,53,51,56,46,47,57
115773,60,80,50,100,,50,,0,88,100,,100,,29,100,63
116226,50,50,,50,,100,,,0,,,,,0,50,
116846,33,33,20,43,0,,,,,,,36,,0,0,80
117104,23,31,19,36,,33,0,0,24,45,67,0,,26,31,33
117140,53,66,60,70,100,69,60,66,70,62,52,54,59,65,69,65
117168,44,65,61,67,,64,,50,82,62,100,40,100,50,60,77
117557,75,80,71,100,,,,,,,,,80,,,80
117575,,,,,,,,,,,,,,,0,
117627,35,57,62,52,,63,0,27,54,83,67,,41,47,40,58
117751,53,64,65,62,,78,,0,67,60,67,88,80,36,60,93
117946,75,83,79,85,,89,100,75,81,83,82,,80,80,81,84
118541,17,26,20,31,50,64,0,41,38,27,75,19,7,44,39,10
118693,46,54,39,70,50,71,80,36,60,47,67,43,44,59,55,46
118888,57,65,,65,,70,,67,60,69,47,,100,61,60,58
119173,43,63,33,66,50,61,100,31,66,71,100,100,,56,56,47
119270,38,44,44,43,,,,,33,,0,50,50,0,2,4
119605,4,43,47,38,,,,100,40,17,0,33,58,22,50,47
119775,6,40,30,53,,,,0,7,50,100,0,77,19,0,69
120166,33,33,33,,,,,,,,,,33,,,33
120184,39,48,45,49,100,36,56,31,53,44,29,33,67,46,48,50
120254,78,84,80,87,,85,100,74,79,86,87,67,81,81,90,82
120403,65,73,77,72,50,81,67,46,60,77,67,87,68,77,81,67
120537,21,49,44,52,,50,0,0,56,61,33,10,100,40,75,23
120838,,,,,,,,,,,,,,,,0
120865,29,47,46,49,,60,40,48,44,43,42,40,56,42,46,45
120883,45,66,58,73,67,64,86,68,68,67,63,69,69,65,63,68
121150,80,89,86,91,,88,100,82,92,88,93,100,78,89,93,86
121257,75,83,80,86,100,83,,100,83,81,92,64,87,92,85,81
121309,65,72,64,76,0,78,50,50,68,75,74,,80,67,69,77
121345,89,94,93,95,100,95,100,90,89,95,91,100,98,98,100,93
121691,63,71,64,77,80,67,50,62,73,71,76,100,63,71,68,73
122409,47,76,73,79,70,80,75,75,74,79,76,74,54,74,75,77
122436,69,80,79,81,100,83,75,64,81,82,84,69,71,76,81,82
122454,37,39,31,47,,50,,0,38,47,38,100,27,39,54,11
122506,64,69,67,75,,57,,,100,64,67,0,80,100,100,37
122597,25,55,48,60,29,65,58,49,50,56,50,47,57,55,53,57
122612,63,71,69,73,17,81,83,60,72,64,73,71,75,67,76,72
122728,43,52,51,53,,50,,40,31,59,44,100,0,51,45,55
122755,19,66,62,70,100,76,40,56,55,65,58,68,69,62,62,70
122931,88,92,90,94,100,93,67,98,90,92,95,97,88,91,90,92
123165,81,88,,88,,90,,86,94,85,94,93,91,92,89,87
123280,,67,50,100,,,,,,67,,,,67,,0
123457,34,43,29,52,29,50,,25,37,46,,,50,44,53,6
123554,63,73,67,78,,78,86,65,76,76,70,57,35,74,75,71
123572,35,60,53,64,50,56,50,58,59,62,59,62,57,57,57,63
123651,58,63,58,65,,80,50,53,61,64,74,25,,60,63,66
123952,,76,70,91,,100,,,71,75,0,,81,67,100,77
123961,79,92,90,93,100,94,82,86,91,91,90,93,92,91,92,92
124292,80,84,79,89,,,,,94,82,71,100,100,83,83,86
124487,20,20,20,,,100,,0,0,0,,,,0,,100
125727,71,72,66,76,,76,,71,68,73,73,67,60,74,70,73
125763,59,63,57,68,0,51,100,44,70,66,76,100,38,64,70,58
125897,36,60,57,63,,75,50,25,42,78,60,50,68,55,54,66
126076,11,15,15,,,,,,,15,,,0,33,,3
126182,14,31,26,36,0,50,0,44,32,31,27,12,,28,29,26
126562,21,44,41,47,33,61,0,40,39,44,35,17,53,47,39,44
126580,25,45,41,49,25,70,50,29,40,47,44,67,36,38,45,49
126614,50,72,69,77,65,72,33,71,63,75,65,55,69,66,72,74
126669,54,60,56,62,100,50,100,33,54,61,48,100,,49,54,67
126678,82,88,88,88,50,86,,88,85,89,89,88,92,91,82,88
126711,2,11,10,13,,,,,0,14,0,0,,7,3,6
126775,65,84,83,88,75,92,100,100,81,84,85,0,84,79,79,87
126818,47,70,69,71,65,71,100,65,66,71,63,69,65,59,70,74
126827,17,20,20,20,0,36,0,21,13,22,17,19,0,15,27,21
127060,67,75,73,78,75,76,33,81,72,76,75,70,70,73,77,75
127185,29,42,35,50,25,50,100,0,44,52,37,57,33,35,36,49
127556,25,44,38,49,0,65,33,26,42,44,59,22,36,25,34,39
127565,11,32,25,39,40,36,0,21,31,34,24,25,56,28,33,35
127653,17,32,35,30,,0,,0,56,19,60,50,100,38,25,29
127714,,100,,100,,,,,,100,,,,14,0,
127741,33,52,46,55,50,56,25,42,41,56,47,62,86,40,53,61
127918,56,67,62,70,50,81,50,56,68,68,57,61,50,57,66,70
127945,18,41,50,40,,,,50,33,44,,33,,43,100,0
128106,19,37,33,42,33,50,0,31,32,43,33,11,18,32,35,43
128328,85,87,87,88,67,88,100,88,88,88,90,79,93,,,87
128391,28,50,44,60,75,75,0,29,45,52,52,62,50,45,55,52
128498,36,46,44,48,,0,0,34,43,54,50,75,0,36,60,39
128586,,,,,,,,,,,,,,,,0
128744,29,40,33,43,43,46,,34,41,55,0,,51,37,39,52
128771,27,52,47,57,67,59,0,41,47,54,56,71,63,45,54,56
128902,78,82,76,86,,78,,85,81,82,88,50,88,87,83,80
129020,73,83,80,86,100,83,50,75,75,86,77,85,79,75,83,85
129154,25,32,33,31,,,,38,13,28,20,,63,18,10,30
129215,45,56,48,63,,50,,47,61,56,40,66,0,50,58,58
129242,80,82,85,81,,74,100,78,80,84,67,80,68,79,85,81
129525,46,57,53,61,100,48,100,46,42,63,43,56,59,42,60,58
129534,33,33,50,0,,,,,0,50,,,,,,33
129774,53,59,61,58,100,0,,43,71,67,75,22,0,47,61,63
129941,55,64,61,66,100,65,50,51,58,68,65,62,57,59,69,62
130110,55,55,33,63,,100,,0,100,57,,0,,100,50,38
130183,20,27,26,29,0,0,100,13,27,46,21,14,40,26,32,20
130226,73,76,71,80,0,79,0,54,67,80,74,74,38,67,80,77
130253,67,73,70,74,,76,100,57,67,74,71,69,67,65,72,76
130314,48,56,,56,0,100,,64,44,64,,0,,49,59,68
130493,30,51,46,53,67,55,,39,37,57,53,52,50,44,52,58
130590,78,82,76,89,,91,,83,79,81,75,71,90,86,86,80
130624,85,86,81,95,100,68,,64,86,91,82,100,100,,,86
130697,87,91,91,91,,96,100,86,92,90,85,93,94,89,90,92
130776,28,51,46,55,,49,67,35,49,55,36,64,50,45,56,53
130794,84,96,95,97,100,98,,95,94,97,98,75,94,94,96,97
130934,34,48,42,51,100,33,0,50,44,34,44,75,88,45,52,56
130943,73,84,79,87,100,88,60,70,78,86,79,83,71,61,85,79
130989,41,51,53,49,0,50,,42,75,53,53,0,73,39,20,64
131098,23,32,24,40,33,50,100,22,38,41,44,23,,31,34,31
131113,13,23,19,27,22,50,,14,16,30,0,13,23,10,29,26
131159,74,79,77,81,100,81,100,74,75,81,74,70,81,75,80,81
131283,68,74,63,84,0,62,,63,69,79,63,74,43,69,76,75
131399,21,42,51,31,,50,,39,13,0,50,33,75,9,0,41
131450,19,44,35,51,,50,100,40,41,44,33,,55,20,23,80
131469,79,85,81,88,100,83,50,82,80,87,85,85,86,83,87,85
131496,90,94,94,94,,94,,92,92,96,89,100,90,93,96,94
131520,52,64,58,67,0,59,,63,40,61,43,,84,59,64,72
131803,,33,50,0,,,,100,,,,,0,0,,33
131876,22,46,,46,0,50,0,41,62,100,75,43,,45,44,68
132408,9,50,60,42,,,,,100,48,67,0,,45,67,55
132471,18,36,32,38,0,25,,33,39,34,9,33,58,34,25,45
132602,14,33,25,39,,,,32,50,38,34,29,58,32,41,36
132657,54,59,55,62,100,53,100,57,63,54,55,53,85,59,56,59
132842,17,50,67,33,,,,,50,,,,,60,,0
132879,31,40,42,39,,,,0,13,52,0,,,45,50,29
132903,46,74,69,79,80,79,100,75,73,74,71,80,70,72,71,76
133465,6,6,13,0,,,,20,0,0,,0,,5,0,33
133492,59,65,58,68,0,80,100,67,69,66,41,67,43,70,64,63
133526,16,28,18,44,,,100,24,75,47,0,0,50,28,21,40
133553,34,61,58,71,75,71,100,51,62,62,50,44,65,55,60,64
133650,22,55,43,63,,100,,56,22,32,17,,100,54,56,60
133669,34,56,52,59,64,64,50,58,54,55,56,14,70,57,53,56
133711,47,58,52,60,,58,,50,59,57,,61,62,57,59,58
133809,19,28,29,28,25,,0,29,29,28,30,,67,17,39,34
133872,15,36,17,40,,100,,27,33,47,0,,0,29,63,33
133881,43,60,55,75,67,54,67,51,56,61,54,60,63,55,64,61
133951,38,67,60,73,,74,100,59,69,58,57,70,74,65,65,70
133979,22,35,24,41,,0,,28,47,100,75,41,59,35,40,33
134079,62,68,59,74,60,71,100,57,63,71,20,50,50,64,64,73
134097,72,84,81,86,67,84,20,80,84,85,80,77,78,80,84,86
134130,67,89,85,91,88,89,86,83,88,90,87,85,73,85,87,90
134237,46,46,44,52,31,69,31,30,54,49,44,36,90,30,54,47
134422,,,,,,,,,,,,,,,,0
134510,75,75,67,86,,,,,100,73,,,,48,0,40
134811,21,21,14,26,,,,,26,100,,16,,16,14,22
134945,41,51,48,54,,25,100,25,46,61,33,33,87,40,44,63
135081,65,70,68,70,,75,,62,72,70,77,50,75,23,27,32
135364,,25,33,0,,,,,,25,,,,100,,0
135726,72,83,82,84,100,84,67,81,85,83,79,85,80,78,84,84
136172,39,61,57,63,100,68,0,62,53,62,52,100,76,58,57,63
136215,54,62,64,61,0,80,,56,46,66,77,80,58,62,48,67
136330,46,58,59,57,50,50,100,45,57,59,53,75,63,47,54,64
136774,72,78,74,81,50,87,,100,70,78,88,0,80,80,78,77
136950,74,81,81,80,0,84,,77,81,81,71,75,85,77,83,81
137032,35,48,48,47,100,50,,41,39,54,33,38,54,41,54,53
137272,100,100,100,,,,,100,100,100,,,,100,,
137351,59,74,68,78,75,86,60,75,70,73,67,77,79,72,71,76
137476,28,35,27,42,100,,,21,38,36,33,0,45,25,40,42
137546,57,64,63,65,83,74,,59,61,65,67,61,62,63,67,64
137564,32,47,42,51,0,27,83,29,42,53,0,67,36,34,54,53
137777,60,60,60,,,,,,,63,,,50,75,,50
137847,50,60,57,63,100,45,100,50,55,61,48,67,67,57,58,63
137953,28,34,28,50,,0,0,5,20,52,0,0,100,26,13,40
137962,6,11,15,0,,0,0,33,0,0,,,,9,0,0
138275,35,43,37,59,0,,100,37,65,45,20,0,67,38,39,57
138293,31,36,34,45,0,50,,27,50,30,0,100,49,24,44,48
138309,35,35,44,25,,0,,0,0,57,,67,,4,0,6
138354,31,48,41,53,0,52,40,44,49,49,48,8,40,46,41,53
138558,16,33,32,34,0,0,,27,30,33,100,,0,10,19,20
138600,68,72,,72,100,81,0,71,77,69,69,100,81,69,77,74
138716,12,41,32,46,0,,,43,30,40,13,20,0,16,23,11
138813,12,14,12,16,,,,,24,,,13,,9,18,12
138868,23,29,24,36,,0,,19,29,36,38,44,0,19,32,21
138901,,,,,,,,,,,,,,1,0,0
138947,28,42,38,44,67,,,42,50,,,37,73,39,51,56
139144,63,70,63,75,,64,,67,83,71,47,50,50,66,63,75
139153,,8,8,8,,,,0,,0,,,33,0,,50
139199,37,45,25,45,100,33,,40,31,49,47,,40,35,43,49
139205,5,15,9,23,,,,4,13,15,0,31,100,14,12,19
139250,13,23,19,24,0,14,,20,6,27,18,0,17,15,18,20
139311,12,31,25,35,,35,,31,43,29,13,67,36,31,31,27
139366,18,39,38,39,0,36,,31,43,45,15,,38,31,37,48
139393,58,68,63,71,,0,,80,50,69,33,,80,65,56,73
139463,10,35,30,38,0,60,,15,41,35,0,40,40,21,29,30
139579,17,17,29,0,,,,17,0,0,,100,,15,,0
139621,,,,,,,,,,,,,,0,0,0
139630,5,38,38,38,,0,100,15,50,40,0,,100,30,29,52
139658,82,90,87,93,50,93,,89,83,91,82,93,91,87,91,91
139719,18,43,34,52,0,,,44,80,0,33,,,44,21,55
139755,47,91,90,92,0,95,100,82,89,90,94,85,91,86,88,92
139764,19,36,32,39,0,50,100,25,33,40,38,100,75,30,38,44
139861,48,62,57,64,100,54,,58,57,63,50,,42,56,66,62
139931,29,54,47,60,31,44,40,51,47,56,42,37,59,48,52,58
139940,29,53,46,58,50,55,50,54,59,49,53,32,64,53,53,54
139959,67,86,83,88,67,83,86,82,84,88,84,88,80,80,83,89
139968,5,21,22,21,,0,,11,0,26,,0,,8,8,9
140234,41,44,39,53,0,0,,31,60,49,36,,0,38,42,55
140252,14,28,18,41,0,33,,11,33,37,,67,0,27,21,46
140340,19,24,38,15,,40,,25,0,,0,0,,14,,29
140447,62,73,68,78,100,70,50,74,67,74,61,74,74,71,69,76
140553,40,56,56,,100,0,,55,88,,,,80,48,64,67
140696,40,50,49,50,0,58,,42,54,61,20,41,56,42,54,57
140720,7,8,6,10,33,,,6,0,25,0,50,50,8,0,16
140818,38,43,42,44,100,50,,22,48,46,0,42,0,42,49,42
140872,23,35,28,43,0,40,0,27,39,37,100,17,100,31,32,38
140951,58,73,69,74,64,72,100,59,74,73,,70,87,57,74,78
140960,11,27,24,30,33,,100,28,28,26,19,,0,27,27,29
140988,33,43,28,58,,50,,32,67,47,45,0,44,32,41,59
141060,65,75,,75,100,,,75,100,100,60,70,100,68,78,87
141167,23,29,31,27,,0,,0,29,31,,27,67,29,,27
141185,36,48,38,57,,70,,13,33,52,50,,50,44,53,51
141237,28,35,26,43,,,,26,11,37,,0,,34,29,41
141264,20,40,36,44,0,43,50,39,44,40,42,62,38,37,41,44
141325,45,51,,51,,33,,33,75,48,100,100,80,42,45,66
141334,22,44,37,49,50,54,50,45,40,45,31,33,27,41,43,50
141361,38,44,37,49,100,60,0,38,35,44,53,50,44,43,47,41
141486,43,58,55,60,100,69,51,22,44,56,63,60,50,53,65,61
141565,15,38,32,42,0,55,45,14,25,42,36,,9,45,28,32
141574,35,62,61,63,25,76,36,35,54,45,62,50,57,58,57,65
141644,31,46,43,48,25,66,41,22,45,39,52,21,36,50,42,45
141839,,,,,,,,,,,,,,0,0,3
141981,16,39,34,41,,46,0,33,31,25,39,,,40,22,39
142090,25,33,30,36,,,,,,36,0,0,,29,0,36
142115,29,54,49,58,22,65,67,33,53,56,54,56,34,45,54,60
142276,16,33,27,38,35,44,50,39,31,37,27,36,23,24,30,33
142285,37,59,54,65,20,72,20,25,53,61,61,43,61,56,58,66
142294,59,66,60,73,,63,50,20,66,69,45,67,72,61,65,73
142328,15,31,25,34,11,33,,17,25,31,56,38,17,20,28,46
142461,41,62,54,67,,100,,33,48,62,80,83,67,57,64,67
142522,17,49,41,52,33,48,,17,43,51,35,45,49,45,42,52
142887,46,58,52,61,,75,,40,83,57,0,,,56,56,75
142957,,,,,,,,,,,,,,,,0
143048,49,68,61,70,0,75,,42,55,62,67,71,78,50,69,71
143084,73,77,72,80,,82,,62,68,78,63,89,85,69,78,80
143118,47,58,48,66,33,100,,33,57,62,58,61,33,50,64,65
143288,37,45,47,43,0,67,,24,50,48,50,,100,36,50,65
143358,58,74,72,77,100,69,100,61,71,77,56,68,62,67,79,74
144005,9,17,27,12,0,0,,13,27,22,,10,100,12,20,39
144050,91,96,96,96,,98,,94,95,96,95,84,97,94,97,96
144281,42,50,46,53,0,53,,33,46,57,47,40,43,42,57,53
144351,39,51,42,58,,80,0,26,48,59,18,0,67,46,45,66
144740,58,71,71,72,,79,33,62,65,74,61,67,66,67,73,73
144883,13,16,16,16,,0,,15,25,25,0,,9,12,50,25
144892,35,51,45,54,33,57,,34,43,60,42,17,23,43,51,62
144962,58,68,60,75,,83,100,53,61,71,59,86,,63,74,69
144971,52,60,51,72,0,100,,25,40,65,43,63,100,56,49,77
145336,12,24,23,25,,25,,20,33,31,25,26,100,25,17,28
145372,42,50,42,58,0,57,0,30,23,57,100,48,33,40,59,54
145497,5,7,14,6,,,,,0,7,,0,,3,38,12
145600,37,63,61,66,,72,100,54,57,66,59,73,56,62,65,66
145619,33,46,44,48,33,59,,22,47,51,,30,25,43,52,46
145637,72,86,84,89,100,87,60,76,79,88,81,91,87,80,85,89
145646,78,82,78,85,,81,100,63,79,83,88,75,87,76,81,85
145691,63,68,66,70,0,50,100,48,63,76,44,0,100,55,81,79
145725,38,72,70,76,,81,,65,54,79,65,50,69,70,69,73
145813,50,68,60,74,100,63,50,45,58,73,60,50,67,56,71,74
146339,53,61,61,61,,50,,23,44,67,0,56,80,52,58,73
146427,61,71,65,75,,76,,65,51,79,63,40,79,60,75,80
146481,69,75,69,80,100,82,,78,65,78,73,60,71,75,79,73
146612,51,70,68,71,100,76,100,55,68,71,70,67,86,66,71,71
146667,36,41,41,42,,,,0,0,42,50,,50,22,53,48
146676,3,6,6,6,,,,0,25,0,33,0,,6,29,0
146719,69,76,72,78,100,76,,74,64,79,77,82,69,70,80,77
146755,,,,,,,,,,,,,,,0,0
147013,45,54,46,62,,33,0,34,46,60,56,38,40,47,54,61
147129,50,100,,100,,,,,,100,,,,100,,100
147244,44,53,48,59,0,57,,36,41,60,50,33,60,40,61,67
147341,54,58,47,68,100,71,,35,50,65,60,43,65,54,60,66
147369,49,63,60,66,,75,,44,42,62,38,65,78,52,,67
147536,11,22,25,20,,,,50,17,0,,,,25,0,33
147660,58,66,56,76,,89,,61,64,72,64,53,33,57,70,69
147679,42,59,53,63,,74,50,30,52,63,76,50,56,52,62,70
147703,27,48,45,51,33,56,100,29,47,59,39,33,42,38,57,59
147767,85,95,94,96,100,98,,92,92,95,95,100,92,93,95,95
147776,5,23,20,26,,34,,6,17,36,45,40,35,22,48,21
147828,53,65,61,69,,47,100,42,47,69,55,,67,53,69,73
148016,60,75,70,83,,100,0,100,100,77,0,,64,,,75
148131,42,50,44,56,0,80,33,36,20,55,,42,50,39,43,66
148405,31,46,45,47,,75,,26,50,52,38,29,100,38,55,56
148487,40,52,52,52,0,43,50,36,52,60,33,45,54,27,47,43
148496,53,63,61,64,,80,100,47,61,70,54,67,,58,73,68
148584,38,60,53,65,100,0,,23,45,72,33,100,75,51,64,69
148627,39,55,57,54,100,77,,37,55,64,40,60,,50,58,69
148654,41,55,58,53,,33,,47,56,63,33,0,58,41,63,67
148876,100,100,100,100,,100,,,100,,,,100,17,,10
149222,32,47,43,51,0,58,0,27,35,62,40,,53,35,56,64
149231,33,52,48,55,43,57,0,35,37,58,45,42,56,36,55,63
149329,,6,6,,,,,,,6,,,,0,,9
149505,55,64,60,66,,0,,47,52,72,50,50,45,81,78,33
149514,46,53,42,65,0,,0,31,0,60,33,43,60,56,60,45
149639,52,72,64,79,,,,0,60,82,0,,100,38,100,71
149772,30,46,43,49,,50,50,30,39,61,37,40,100,38,54,58
149781,79,88,85,90,100,89,,79,69,89,88,,80,89,86,88
150066,55,64,57,70,,100,100,24,14,67,75,66,80,54,55,83
150136,54,67,63,69,,65,50,58,65,68,51,66,62,58,65,75
150145,58,63,64,61,0,50,0,30,31,66,100,67,100,51,69,72
150163,73,81,74,86,100,90,,73,72,82,69,88,80,62,71,81
150172,25,28,29,27,,100,,26,25,30,25,,,22,45,19
150400,85,87,89,86,100,89,,83,77,88,88,100,74,87,79,90
150455,61,67,64,70,75,63,,69,64,61,80,80,84,59,68,72
150534,55,67,69,65,50,33,,50,44,69,58,64,70,51,74,71
150604,58,63,60,66,,50,,38,67,66,62,40,0,53,65,73
150668,57,63,59,66,,100,,0,43,69,50,100,73,57,56,70
150677,66,68,62,72,100,100,0,60,62,70,56,53,,63,73,70
150756,71,72,67,75,100,100,,63,75,72,33,43,77,60,81,75
150774,36,40,37,43,0,50,0,64,53,35,50,,38,47,100,24
150941,58,65,60,68,25,100,,0,54,69,57,,44,53,71,72
151102,19,38,36,40,0,53,,12,29,40,15,100,47,32,38,44
151111,33,53,51,53,0,71,,40,49,53,55,42,58,46,48,60
151263,51,62,59,63,,74,0,60,60,63,41,59,59,48,66,69
151290,27,38,38,39,50,100,,22,41,41,12,57,69,24,52,47
151306,36,52,47,55,0,50,0,30,42,54,44,40,33,44,50,61
151324,30,41,40,42,29,66,0,25,32,47,28,57,70,32,44,56
151333,27,43,41,44,33,40,100,48,48,41,70,56,100,36,32,56
151342,15,38,33,42,100,80,,35,41,37,23,57,50,34,39,45
151351,69,80,77,82,63,81,67,58,71,82,72,71,83,67,78,84
151360,15,32,29,33,,67,,11,34,34,26,50,,27,29,36
151379,21,36,31,39,,50,0,23,44,37,16,17,33,27,36,44
151388,33,45,35,51,0,100,,21,25,46,45,100,0,39,51,50
151777,49,55,53,57,,67,,33,48,57,27,100,78,45,59,65
151786,47,60,56,64,50,75,100,27,46,66,22,57,56,51,59,70
151801,61,71,65,74,100,60,,27,45,74,58,,67,61,75,77
151810,10,10,0,14,,,,10,,,,,,11,,0
151962,14,14,14,,,,,,,17,0,,,9,0,
152080,93,97,96,97,100,94,100,89,94,98,95,100,96,94,98,97
152099,16,47,29,61,,,,50,100,41,,71,100,75,24,25
152318,75,83,82,88,,78,,69,92,84,63,,87,83,82,84
152336,41,50,44,54,,,0,31,50,56,20,29,0,33,53,61
152381,41,52,50,52,,,,50,0,50,,57,,47,54,65
152390,78,81,,81,,75,,25,79,84,50,67,80,77,83,81
152530,72,78,76,79,100,89,100,71,69,78,100,,94,67,75,85
152567,48,61,60,62,67,75,,32,64,64,40,50,50,54,64,66
152600,56,65,58,71,60,73,,56,53,69,41,100,50,55,72,69
152637,4,4,0,6,,,,0,0,5,,,,2,4,6
152673,72,75,75,,100,67,,67,65,76,63,100,81,60,81,84
152992,44,50,39,64,50,50,,17,44,53,40,,75,45,53,54
153001,56,62,53,72,0,40,0,0,33,68,100,75,43,58,55,72
153108,63,68,66,69,0,75,,64,70,69,0,69,,63,76,63
153126,61,66,58,68,,0,,50,50,67,100,,67,61,71,64
153144,55,59,51,64,0,63,0,55,35,64,67,25,80,60,64,50
153162,67,67,64,71,,83,,38,65,73,50,40,40,57,65,76
153241,50,50,0,100,,,,,0,,,,100,0,,100
153250,61,65,60,72,0,67,,50,38,67,100,50,71,64,65,65
153269,69,77,76,77,,63,,77,63,77,77,100,85,70,73,82
153278,36,46,43,51,,58,,22,33,52,38,50,78,38,51,53
153302,42,53,53,53,,100,,75,,55,25,25,,33,36,72
153320,37,48,47,50,0,,,,0,50,,,,31,15,43
153366,31,41,34,54,,50,50,21,26,51,45,33,47,34,45,55
153375,44,56,46,65,,57,,32,50,61,40,60,33,52,54,61
153384,81,87,81,91,,94,,87,87,85,95,100,87,88,86,87
153603,50,75,72,78,57,71,75,54,70,77,66,74,71,63,73,79
153621,23,30,27,41,,100,,0,50,45,20,17,,20,37,67
153658,54,72,71,73,50,80,83,56,68,73,66,69,73,62,67,77
153825,64,70,64,75,,50,100,20,42,73,75,75,100,56,71,78
153834,69,77,70,83,50,88,,60,45,79,69,100,90,69,76,82
153861,29,43,38,50,,50,,0,0,44,100,,40,30,50,56
153977,54,54,0,58,,,,,,54,,,,46,28,20
154004,49,60,49,73,25,0,100,30,69,62,29,60,57,53,61,67
154013,49,57,48,60,,67,,29,100,60,67,40,43,43,63,65
154022,0,8,6,9,3,9,0,4,10,10,11,3,0,6,13,8
154095,41,64,59,67,0,79,0,40,54,66,46,42,47,56,64,67
154101,64,69,64,72,,50,,20,47,72,50,63,78,60,67,76
154235,57,64,56,70,0,43,0,25,69,69,69,33,30,57,64,69
154350,65,71,67,75,,60,,80,58,72,50,57,100,60,75,75
154493,24,25,25,26,,0,,11,25,45,23,0,5,23,35,23
154518,46,51,48,54,0,,33,33,40,56,100,53,,50,63,48
154527,64,68,61,76,,67,100,43,57,73,64,60,57,61,73,70
154590,28,35,25,52,0,0,50,12,41,45,40,38,67,26,37,50
154688,50,62,52,74,50,0,,58,44,65,50,75,57,54,61,69
154712,52,65,54,75,100,33,0,19,47,72,55,64,0,59,69,66
154721,2,5,5,4,0,,0,3,0,6,50,,,4,5,
154749,30,44,31,60,0,0,,17,22,55,100,,0,35,43,62
154855,14,22,25,18,8,25,0,12,26,30,40,0,0,20,37,20
155025,27,46,41,49,33,29,100,26,35,50,44,17,50,41,54,43
155061,25,46,42,48,20,33,,32,41,48,38,13,67,37,46,53
155070,16,35,33,38,0,,,0,33,43,,0,,25,86,0
155089,35,42,33,51,0,0,,50,14,43,47,42,,31,52,42
155317,46,63,60,66,20,67,17,39,54,67,51,64,65,46,60,71
155335,38,47,49,45,100,50,,30,33,51,33,,56,24,58,54
155399,40,68,63,72,58,52,60,41,59,71,58,65,42,55,68,72
155414,39,47,50,44,0,67,,71,50,44,60,100,33,38,56,54
155496,21,32,22,38,0,,,0,67,32,,25,0,27,31,10
155511,35,38,39,35,,,0,29,48,36,0,0,100,36,33,45
155520,41,48,32,61,0,100,,9,33,53,33,46,100,34,49,61
155627,27,37,26,52,54,,,50,25,36,,17,,32,42,41
155681,33,52,47,57,47,80,,38,51,54,47,43,18,39,59,57
155812,38,56,50,61,100,100,100,38,71,54,,40,50,57,48,61
155900,31,38,32,46,43,33,,47,11,45,40,67,12,32,51,31
155937,40,47,30,64,80,50,,17,56,54,29,29,,40,59,53
155973,36,42,33,54,,100,,8,41,47,0,40,100,36,43,48
156082,22,42,38,45,0,25,0,16,39,45,24,46,45,29,44,54
156125,25,48,43,53,38,62,0,28,43,50,45,29,53,41,43,56
156189,23,35,37,34,0,,,0,,36,,0,,31,40,44
156213,53,63,53,70,,67,0,40,,64,,63,100,51,64,72
156286,55,64,62,66,50,63,0,46,55,67,47,33,50,50,69,73
156295,50,67,56,76,,80,,61,70,66,69,25,92,66,100,80
156356,26,34,27,39,0,0,,33,40,34,,50,20,37,30,34
156365,29,37,31,45,50,0,,16,20,44,29,33,46,29,40,45
156408,82,83,81,85,,76,100,92,92,85,82,0,70,70,83,87
156417,10,20,20,,,,,,,14,0,50,,20,,0
156541,29,40,37,44,0,100,0,10,23,45,23,27,29,35,34,64
156620,33,52,48,55,20,75,67,40,47,55,30,52,33,35,47,58
156745,50,56,56,56,50,50,,30,50,59,55,0,100,49,54,65
157030,20,40,25,50,,,,,,50,,,0,33,0,50
157058,16,30,26,34,100,50,0,27,0,42,30,33,0,29,34,32
157076,25,38,33,44,,0,,37,0,46,,11,0,29,43,51
157085,47,66,62,69,64,74,60,49,57,69,56,63,64,53,62,72
157100,25,31,21,50,,0,,12,20,35,,33,67,24,35,55
157216,28,39,33,46,33,50,,33,0,40,29,43,,34,41,55
157289,37,60,57,64,67,81,0,55,53,61,51,67,65,50,56,67
157377,49,53,100,52,,,,50,75,52,0,100,,37,44,50
157386,28,43,38,46,33,33,0,28,46,43,40,57,40,33,48,55
157401,34,53,49,56,33,54,,30,27,57,46,46,38,42,59,60
157447,28,48,42,54,20,74,0,36,51,49,37,29,59,34,46,57
157535,23,33,28,40,0,100,,12,25,37,,,25,22,40,44
157748,27,29,27,32,,0,,67,0,29,,0,,,,26
157757,34,58,44,65,,0,,48,83,59,45,60,,53,67,56
157809,29,39,31,50,,0,,16,100,44,9,27,67,28,46,49
157818,70,74,74,74,,67,0,57,87,73,50,93,,71,66,79
157863,9,28,24,34,0,0,,9,40,29,44,33,47,21,43,36
157951,37,55,47,61,0,65,40,33,45,59,41,25,46,38,50,65
158477,49,56,53,57,67,50,,52,56,58,33,,100,55,48,60
158802,33,50,42,52,100,,0,49,67,,45,73,,44,79,68
159009,16,42,30,50,0,,,43,50,100,50,6,60,42,45,
159382,19,30,32,29,0,0,,34,23,31,10,0,60,19,28,29
159391,39,66,64,67,44,72,57,53,63,68,64,64,73,54,60,71
159416,17,37,39,36,0,67,,36,31,36,30,40,80,34,31,43
159568,22,35,30,44,20,,,19,50,44,0,100,19,29,31,44
159647,42,61,54,71,50,73,,48,64,64,63,55,35,47,53,67
159656,50,59,61,58,40,57,,56,56,63,48,47,38,52,62,63
159717,23,43,39,45,17,72,,33,48,43,36,,70,37,30,49
159939,26,41,38,45,100,55,0,32,33,40,26,36,81,39,34,44
159948,5,9,8,11,,,,33,0,8,,0,,,,9
159966,22,44,35,50,28,56,,29,43,50,26,33,54,31,35,56
159993,36,56,56,55,0,72,100,49,60,57,59,53,70,48,54,62
160038,31,48,42,50,59,40,50,43,45,51,31,67,77,41,40,56
160065,16,38,17,40,,0,,33,30,57,0,17,,18,,58
160074,18,33,33,33,0,0,,38,0,38,,0,,12,22,29
160409,63,63,63,,,100,,,100,60,,0,,67,100,55
160612,18,40,36,43,57,47,0,26,39,44,33,100,85,32,37,49
160621,9,28,23,32,0,50,0,29,0,18,44,0,0,27,27,36
160630,4,19,10,23,,,,19,0,,,25,,17,33,50
160658,22,51,46,55,38,67,60,42,43,55,33,67,59,41,45,60
160755,77,86,85,87,100,81,100,71,83,87,77,79,91,78,81,88
160904,35,47,36,51,,54,,47,50,33,38,67,50,31,43,50
160959,53,66,60,67,,100,,,43,63,,,76,61,67,69
160977,90,92,92,93,,100,,95,92,92,96,100,94,98,96,91
161004,91,95,94,96,100,97,,96,95,95,92,100,96,96,96,95
161086,89,90,92,89,100,88,,94,89,92,93,89,82,100,89,90
161217,5,15,14,15,0,100,,,33,13,20,38,,13,6,12
161226,46,60,54,63,0,100,100,50,25,61,75,50,0,52,65,71
161235,28,41,46,40,,,,0,,38,100,33,73,28,28,44
161244,14,27,23,30,0,,,0,50,28,100,14,0,24,23,38
161253,40,56,52,61,56,62,,44,49,58,43,53,42,48,56,64
161299,59,73,73,72,,,0,100,100,75,,36,,54,77,84
161341,27,33,37,31,0,0,,40,75,33,33,20,33,29,24,31
161457,56,62,61,63,0,50,,0,,64,40,51,100,54,65,62
161509,48,52,60,50,,50,,33,40,54,43,,50,46,51,62
161518,54,59,65,56,0,33,,,,61,,58,,57,61,57
161554,20,36,30,40,29,26,0,36,38,36,33,35,50,34,40,36
161563,44,51,51,51,,,,29,0,56,40,29,25,40,60,58
161572,43,46,43,49,50,0,0,,30,48,50,47,,46,45,47
161873,20,34,30,36,,36,,26,35,57,23,,100,28,24,47
162007,17,43,38,47,,33,100,44,43,50,36,23,0,37,47,56
162061,25,46,44,56,,,,48,29,50,,,,37,50,53
162210,20,41,30,46,100,50,100,47,17,43,,27,33,42,42,35
162283,12,30,20,35,,,,33,42,33,17,22,12,28,33,40
162584,26,53,48,59,0,48,,56,55,53,41,30,40,49,54,56
162654,53,66,57,72,,69,100,53,62,69,87,29,67,63,67,67
162760,50,61,53,67,,60,,39,59,66,63,67,80,48,68,68
162928,89,94,94,95,100,96,100,91,93,95,93,86,93,93,95,94
163046,77,81,80,82,100,87,100,81,82,81,65,75,67,82,81,81
163204,4,11,9,13,,0,0,5,11,21,8,0,33,4,12,15
163268,44,69,67,72,100,69,100,72,59,71,67,75,63,62,62,73
163286,70,87,85,89,75,89,86,84,81,88,89,95,85,82,84,89
163295,64,73,77,72,,83,,88,65,70,83,61,73,71,71,75
163338,20,41,36,44,0,67,,40,33,63,38,25,40,38,39,49
163453,20,46,38,53,0,50,0,46,49,64,43,100,54,42,53,53
163462,59,63,57,67,50,60,,60,55,67,52,43,60,56,60,69
163532,31,50,50,,,,,,,54,,,0,14,,57
163578,40,49,,49,,56,,41,27,55,56,100,100,39,52,68
163851,50,69,64,71,75,54,100,62,55,71,50,68,50,57,72,71
163912,63,72,66,76,100,79,,51,74,75,69,50,50,62,73,74
163976,64,66,68,63,,60,,100,43,68,0,,70,64,62,71
164076,48,73,69,75,75,73,50,74,63,74,66,81,64,73,69,75
164155,88,90,91,87,50,91,75,89,89,90,90,100,85,,,90
164173,51,62,56,65,100,74,100,56,59,64,55,73,100,52,65,71
164216,69,72,68,74,100,75,,67,56,75,60,71,55,67,77,69
164270,53,63,56,69,0,74,,50,55,66,67,30,,53,62,71
164447,32,44,40,48,,33,0,38,25,51,36,53,80,72,89,17
164465,85,95,94,95,100,97,100,90,95,95,100,94,94,93,91,96
164492,43,50,43,54,,40,,43,39,54,33,50,50,47,56,42
164562,70,73,71,75,,50,100,74,63,75,81,85,43,69,76,73
164580,92,95,93,96,100,94,100,96,92,95,100,95,95,95,93,95
164614,38,50,67,40,,0,,,0,80,,,,33,50,67
164632,55,60,,60,0,67,,38,41,68,,40,100,70,,50
164641,8,8,10,7,,20,,0,0,9,0,11,0,3,4,0
164720,44,51,49,53,0,60,,31,46,53,67,47,50,41,52,50
164739,84,90,88,92,,90,,74,84,92,79,92,88,86,90,90
164748,57,68,66,71,100,79,0,69,53,66,57,70,75,47,60,64
164872,4,33,31,36,,0,,100,0,83,0,0,33,0,40,36
164924,89,92,91,93,100,93,100,81,91,93,86,86,85,91,92,92
164988,84,89,89,89,67,91,67,89,86,88,88,90,90,89,88,89
165015,82,89,87,91,100,91,,93,86,88,95,79,91,90,89,89
165024,36,59,53,63,60,57,0,51,45,62,54,50,43,53,65,61
165167,20,20,0,29,,,,25,33,,,,0,20,50,0
165334,70,75,70,78,,75,0,75,69,76,67,80,74,75,76,74
165529,49,55,53,56,0,36,,33,36,59,59,55,71,53,54,57
165574,49,52,35,61,,33,,50,33,61,17,46,0,25,29,28
165644,22,38,24,52,,100,,26,25,45,30,56,17,31,49,43
165662,75,79,82,76,100,79,,78,74,80,78,46,77,75,79,79
165671,56,62,62,62,0,67,,50,43,64,60,83,63,55,64,64
165699,75,78,76,79,50,78,,64,71,79,63,68,67,69,78,81
165802,23,30,25,36,,0,,20,17,48,0,35,19,24,34,18
165820,38,58,53,61,0,42,,64,49,60,52,56,67,55,61,60
165866,47,61,59,61,,63,100,58,51,63,60,44,100,55,65,62
165936,65,72,69,74,,87,0,81,63,74,55,,63,67,77,71
166018,59,66,64,67,0,60,,62,58,69,54,67,67,59,65,72
166027,86,98,97,98,100,99,,97,98,98,97,100,94,97,93,98
166054,62,62,57,67,,0,,,,64,,,100,60,83,0
166124,90,93,92,93,,85,100,97,90,94,88,95,100,90,93,94
166391,57,62,57,65,50,8,,57,53,68,62,14,50,57,66,65
166452,47,60,52,62,,64,,62,38,65,33,80,67,53,63,62
166513,44,69,65,77,0,71,,63,58,70,67,67,68,66,70,69
166629,76,83,82,85,100,88,,76,71,84,81,83,81,80,82,84
166638,25,49,43,56,25,57,,52,45,49,35,47,50,49,57,48
166656,54,66,59,68,,69,,58,64,69,75,55,55,66,72,73
166674,60,74,76,73,0,76,,67,79,72,,86,83,72,75,75
166683,87,96,94,97,100,97,,90,93,98,95,92,92,94,98,96
166692,69,85,85,86,100,100,100,67,60,85,,86,100,89,85,83
166850,69,74,70,76,0,64,,48,52,77,67,71,48,66,76,75
166911,52,64,60,66,,100,,50,73,61,67,64,,56,65,81
166939,80,84,,84,,88,,87,83,81,86,100,86,92,81,83
167057,53,71,64,81,,50,,,67,71,80,45,80,50,60,79
167260,51,55,49,66,,33,,46,44,57,56,,0,52,59,52
167288,45,53,48,55,60,50,,38,46,56,78,60,,50,53,58
167358,,90,88,92,100,94,100,83,89,91,90,88,84,90,92,89
167394,55,64,58,67,50,78,,30,54,75,,44,33,52,83,68
167455,16,23,16,31,50,0,,25,21,10,45,17,0,24,18,20
167598,58,64,45,71,,33,,56,67,71,0,67,25,62,68,63
167729,43,59,56,61,100,53,,53,52,62,44,60,62,54,63,62
167783,76,79,,79,,82,,57,81,78,88,89,93,74,84,76
167835,82,87,,87,,90,100,80,81,85,96,96,88,85,87,87
167899,68,73,62,84,100,0,100,48,59,75,83,91,64,65,77,73
167987,34,52,48,56,50,63,0,44,44,55,42,55,50,47,54,58
167996,74,82,78,85,100,92,,74,65,83,92,83,67,80,84,81
168005,45,59,58,60,100,72,100,52,57,59,64,62,54,56,60,61
168148,89,94,93,95,,96,,91,93,94,95,89,96,93,94,94
168218,86,94,,94,100,97,,88,94,93,89,,97,95,94,93
168227,54,69,69,71,,68,,53,66,71,69,69,58,62,71,73
168254,58,64,59,71,33,58,50,46,52,68,60,36,73,58,67,67
168263,53,63,63,63,75,77,0,53,57,64,61,63,50,58,65,65
168281,72,78,76,78,,84,,79,91,77,58,80,68,75,85,71
168342,89,96,97,95,,97,,94,96,95,98,,98,96,98,96
168421,81,89,87,92,100,85,,81,77,91,83,86,93,85,90,89
168430,41,59,53,62,0,61,100,49,46,61,45,72,33,55,61,60
168528,51,53,44,66,,50,,34,47,60,54,35,,41,56,70
168546,58,68,61,74,,77,,33,70,69,67,65,100,59,68,74
168591,59,71,66,75,0,60,100,38,62,73,75,73,100,54,76,85
168740,36,61,61,61,,86,0,67,73,54,64,80,27,51,47,70
168786,39,64,63,65,0,75,,50,45,66,63,100,25,57,67,68
168847,5,16,17,16,0,0,,6,13,19,8,0,,5,9,13
169080,64,75,72,78,20,60,,48,69,78,60,88,83,62,75,82
169248,33,64,58,68,43,67,33,50,57,66,47,58,43,54,67,70
169327,2,4,3,5,,100,,100,,0,,0,0,0,8,0
169363,27,42,38,47,50,,,21,75,48,20,25,50,28,33,51
169442,42,55,54,56,,33,,42,60,55,54,70,50,47,61,56
169479,34,48,48,47,,43,,24,0,53,27,30,54,27,46,62
169716,59,73,72,73,100,79,,33,61,77,60,100,86,62,81,76
169798,20,47,43,50,0,53,25,30,48,52,42,53,61,40,50,57
169910,36,59,58,59,50,50,,29,44,60,62,50,61,33,55,57
169983,10,67,65,75,100,44,100,50,50,67,67,100,83,62,70,67
170000,20,33,31,36,100,,,20,75,33,25,,,29,13,53
170037,54,66,71,62,60,67,,42,60,69,40,,67,56,69,76
170082,41,69,63,72,67,64,50,45,61,71,60,43,60,59,69,74
170091,10,14,8,22,0,,,0,,20,0,,100,6,0,67
170286,78,88,86,89,,,,,,,,88,,,,88
170301,66,76,69,80,,50,,75,59,79,56,33,89,63,77,83
170444,,17,17,,,,,,,20,,,0,1,0,0
170532,72,79,75,82,,86,100,79,74,81,80,89,61,75,82,79
170639,31,50,42,57,55,0,,25,25,49,,0,62,41,44,56
170675,30,58,55,67,100,67,,24,52,61,29,75,71,46,63,65
170806,31,57,39,72,0,100,,29,50,66,33,,60,39,79,66
170967,25,42,35,47,,0,,33,25,46,38,0,50,30,52,50
170976,81,93,93,94,78,96,100,86,90,94,92,92,89,89,94,94
171100,58,82,79,84,81,87,78,63,71,85,74,73,81,69,80,85
171128,30,72,69,82,29,82,0,63,71,73,64,59,74,66,73,75
171137,18,55,51,59,67,55,0,39,46,57,47,93,33,53,56,56
171146,14,38,33,43,,43,,22,28,46,29,40,29,30,48,48
171456,28,50,45,54,33,57,,17,41,52,40,42,38,31,48,51
171483,25,58,55,100,,,,,,55,100,,,0,0,3
171492,43,58,54,66,100,,0,27,10,66,38,25,42,45,61,65
171571,31,56,51,60,30,54,,28,52,61,49,62,64,48,57,62
171599,43,49,41,62,0,0,,26,50,54,20,,100,44,40,69
171881,36,42,30,50,,0,,0,0,48,0,50,0,56,35,33
172033,33,100,100,,,,,,100,100,,,100,100,,
172051,16,48,39,53,33,67,,28,40,52,15,53,56,34,55,58
172264,42,53,45,62,,0,0,26,40,62,50,47,50,42,67,59
172334,47,64,57,68,,50,,43,71,67,57,43,25,55,72,70
172440,16,21,15,28,0,,0,0,0,24,25,38,,25,24,0
172644,24,52,50,54,25,68,50,25,35,60,33,64,53,45,46,63
172699,27,57,52,61,40,61,0,38,53,61,43,67,66,47,60,64
173045,47,59,52,66,40,50,,39,52,68,33,55,63,56,66,57
173124,30,45,39,50,21,14,,20,35,48,40,7,50,41,44,49
173142,47,62,59,64,100,,,40,29,66,33,50,0,56,66,66
173160,64,74,73,74,67,53,,27,62,76,71,67,50,67,71,81
173258,88,94,93,95,100,90,,71,89,96,95,100,96,84,93,96
173300,63,68,62,72,0,69,,36,71,69,80,54,67,58,66,74
173328,36,47,42,51,33,38,,24,33,62,20,67,47,38,52,54
173452,44,75,66,81,,0,,33,20,77,67,,100,67,82,76
173647,75,78,76,81,,64,,75,69,81,58,100,65,84,88,70
173665,55,65,61,68,33,49,0,62,47,68,88,60,73,58,77,65
173902,88,93,92,93,,94,100,77,84,95,91,,91,96,93,91
173920,28,50,45,55,33,43,0,32,42,53,39,58,49,44,49,56
174020,13,46,37,53,,45,,40,0,60,0,,50,44,67,29
174066,71,84,82,86,60,85,100,76,81,85,81,95,86,78,82,87
174075,39,51,48,53,,100,0,8,20,60,14,0,0,42,52,60
174127,54,63,67,62,100,91,,67,25,63,,50,100,57,67,70
174154,56,56,33,67,,,,100,,43,,100,,22,40,33
174233,43,61,58,65,40,47,50,48,55,63,58,40,54,54,62,65
174251,46,60,61,59,48,57,,50,58,65,47,,45,54,60,63
174358,34,55,45,61,25,50,,17,41,58,27,60,47,52,55,56
174437,41,52,47,55,,75,,17,31,56,43,0,50,47,56,57
174491,57,67,56,76,,54,,50,48,70,54,0,33,64,70,67
174525,13,29,21,40,,0,,0,0,35,,,,22,20,40
174747,80,85,,85,100,72,67,75,82,87,,,73,80,87,86
174783,22,44,40,47,10,31,,36,22,47,25,56,64,37,41,51
174792,69,74,74,,33,63,100,50,55,79,,,68,69,73,78
174817,59,62,60,64,100,75,,69,63,65,100,48,80,57,62,65
174844,82,85,79,89,,87,,79,77,85,82,,86,84,81,87
174862,50,58,51,65,0,88,0,17,38,61,0,,100,58,56,60
174899,61,69,58,73,25,40,,40,50,73,44,75,46,60,69,78
174914,70,80,79,82,,78,,57,72,82,67,89,64,76,79,83
175005,55,68,,68,,62,,46,63,75,61,67,75,53,67,76
175014,18,18,17,20,,,,100,,11,0,,,0,9,0
175078,33,47,37,57,0,75,,11,28,50,16,60,58,40,56,47
175227,,,,,,,,,,,,,,0,0,0
175272,41,59,55,61,,50,,43,46,61,40,83,64,52,62,62
175342,25,45,40,48,100,,50,45,100,40,47,,33,42,54,64
175421,35,46,37,56,0,50,100,31,65,63,38,16,57,45,56,24
175430,47,51,48,53,,,,43,0,52,100,,,39,70,65
175616,23,39,30,46,,0,0,33,57,41,86,,33,35,41,43
175856,23,44,36,49,67,50,,43,25,43,44,,52,40,57,55
175980,66,68,59,77,50,86,,50,71,69,0,86,80,54,60,77
176017,48,67,63,69,64,77,75,46,59,70,52,100,64,52,64,72
176035,36,47,35,49,0,25,,45,0,51,,,46,43,45,51
176044,16,27,24,31,,0,,30,25,36,,3,,27,24,38
176053,52,65,56,72,67,80,100,49,31,71,29,100,55,49,60,73
176080,40,64,60,68,33,64,67,42,58,72,51,60,67,48,60,75
176318,14,19,21,18,,0,,20,0,0,,,,21,0,0
176336,,18,17,20,0,,,,,20,,,,12,,
176372,31,50,43,53,33,67,0,38,50,57,31,75,69,40,50,64
176406,25,40,34,44,,,,41,0,,,,,41,38,41
176479,35,51,44,56,,100,,37,50,56,0,,60,49,66,49
176628,35,51,42,59,,100,0,33,47,59,38,,0,45,57,54
176664,20,36,35,36,0,50,,0,100,37,33,,,34,45,33
176770,,,,,,,,,,,,,,0,0,0
176789,26,41,43,40,,100,,0,33,42,33,,,39,33,38
176910,30,36,21,46,,100,,0,0,38,0,,,36,14,36
176947,36,44,35,52,0,,0,29,50,47,20,50,0,33,53,54
176965,31,51,47,55,60,63,0,37,49,54,35,36,65,39,55,62
177038,,,,,,,,,,,,,,0,,
177065,14,23,21,24,50,0,,12,11,29,21,27,17,12,26,26
177083,19,19,19,,,,,0,0,23,,,,38,0,0
177117,58,65,,65,0,100,,67,50,50,67,,92,16,9,42
177144,42,46,42,50,,,,28,43,50,25,,40,45,41,50
177214,40,60,53,66,,67,,60,69,60,44,,55,58,60,60
177339,45,58,56,59,0,0,,10,8,66,38,78,0,34,37,91
177418,49,66,49,81,,75,,57,67,66,67,100,60,72,62,63
177542,35,40,31,52,,,0,17,0,45,50,0,23,37,37,40
177551,2,12,12,12,,,,13,0,7,0,13,,12,14,21
177746,46,57,38,65,0,60,,56,69,61,41,62,,58,50,64
177816,63,63,63,,,,,,,63,,,,0,,71
177940,12,26,20,32,50,,,25,11,37,20,18,25,21,34,44
177968,34,47,39,54,25,43,33,36,36,49,53,30,60,33,49,55
178059,56,75,68,77,0,100,,78,56,76,30,83,50,64,71,85
178208,24,41,37,47,,,,0,100,40,50,,,40,0,42
178244,25,33,27,44,0,100,,16,33,40,10,25,40,15,44,43
178341,15,33,27,37,26,21,,17,38,35,67,29,50,25,31,42
178369,12,23,19,33,0,25,50,12,28,20,40,,44,13,25,37
178387,14,36,32,38,25,82,0,17,23,39,33,25,0,27,39,47
178396,50,73,68,78,78,79,0,62,64,75,66,76,75,62,73,77
178402,27,51,47,54,0,69,,37,48,51,59,54,55,41,51,60
178411,24,67,66,70,75,81,0,55,60,68,42,65,77,55,65,72
178420,34,56,55,57,0,62,100,41,27,61,41,56,74,46,57,66
178615,61,75,70,78,0,85,100,63,62,77,65,67,60,69,67,80
178624,35,53,47,56,60,54,0,28,45,57,42,75,26,44,41,57
178679,23,51,51,51,,0,,100,57,51,25,0,50,40,41,63
178697,45,60,56,65,0,,,50,50,61,50,,50,60,,61
178721,11,27,20,34,0,,,23,12,29,0,50,48,18,24,40
178891,29,29,33,25,,,,33,,33,,0,,0,0,1
179043,66,73,65,79,100,80,0,44,71,75,45,73,100,61,72,78
179159,73,80,75,83,100,85,100,55,73,81,69,88,78,67,79,83
179256,22,56,67,33,,,,,,56,,,,43,67,0
179265,79,81,83,79,,88,,56,100,82,100,70,100,71,85,86
179326,35,48,41,53,33,0,,23,6,52,50,50,25,38,52,54
179548,15,59,,59,,67,0,55,53,62,56,0,100,52,56,73
179557,32,51,45,55,63,47,,33,49,54,25,73,47,39,42,61
179566,35,58,53,61,31,68,33,38,56,60,43,11,67,47,54,66
179867,88,94,93,96,,96,,95,93,94,92,100,90,92,93,95
179894,41,55,50,59,100,75,,35,59,57,75,50,62,47,61,60
179946,49,60,57,64,50,50,,33,50,63,75,33,70,44,61,75
179955,62,67,64,69,0,,,50,83,68,53,100,78,58,67,71
179964,45,53,55,52,,100,,50,63,67,40,0,50,39,63,55
180106,49,67,63,70,0,50,100,50,80,70,56,57,50,56,64,74
180179,11,26,22,28,0,25,0,0,18,27,38,40,43,15,21,24
180258,28,38,31,41,50,0,,29,38,39,0,50,50,41,39,31
180416,30,56,54,63,0,33,,100,38,58,,48,56,52,48,61
180461,30,59,55,64,32,50,67,58,51,61,44,49,42,52,38,71
180489,30,48,42,52,16,31,50,21,26,51,34,31,33,25,34,51
180522,25,35,35,36,13,100,,,50,38,25,20,67,20,15,31
180595,35,52,51,54,0,50,100,14,41,59,20,67,50,45,53,59
180647,15,42,40,43,39,,,,,67,,,,56,30,10
180692,28,49,43,55,50,100,,0,50,49,100,67,,27,28,53
180814,9,23,13,31,,,33,14,30,19,0,0,67,11,25,35
180832,35,39,0,43,,,,0,,50,,20,,20,29,36
180878,51,76,0,81,,,,,100,75,,,,70,90,57
180948,24,42,37,46,21,,0,11,52,43,50,71,38,41,47,42
180984,46,63,54,71,0,71,,23,44,68,100,63,60,55,65,68
181002,71,79,76,82,75,75,100,68,71,82,75,60,63,69,82,81
181020,55,60,51,70,0,75,,20,50,64,40,,0,46,65,70
181127,51,60,53,69,,50,100,60,67,60,45,,43,56,56,64
181215,33,58,52,63,0,25,0,25,54,60,46,50,58,49,42,62
181297,59,63,50,64,,,,,100,67,0,0,,36,54,71
181330,37,44,34,57,0,50,,7,33,50,44,39,20,39,48,45
181394,25,50,45,55,0,55,100,32,45,52,46,36,72,47,45,52
181446,53,63,60,64,0,0,0,27,45,65,78,,75,54,59,72
181464,42,67,63,71,40,66,50,56,51,68,60,67,70,54,59,70
181534,20,36,35,37,33,0,0,13,19,41,43,0,,25,33,55
181604,49,59,,59,100,0,,,46,65,0,,,36,65,72
181738,32,56,60,53,33,50,,70,35,61,67,,71,36,42,62
181783,32,53,49,56,33,43,,31,29,56,18,78,50,42,51,64
181853,35,49,40,62,,,,11,40,57,,,,37,50,62
182281,17,44,40,48,13,59,31,36,39,44,40,48,68,41,61,40
182290,39,60,57,63,39,67,67,50,60,61,57,68,67,52,59,65
182306,13,19,7,28,0,,,0,29,16,50,0,,1,,14
182458,38,44,45,42,25,67,50,20,,44,,63,,35,59,43
182634,56,64,62,64,100,50,,58,36,63,,70,80,60,64,67
182670,88,95,94,96,72,97,67,92,96,96,92,97,93,91,94,96
182795,45,52,48,55,50,13,100,48,43,53,50,75,50,46,51,62
182917,67,67,71,63,,,,,0,71,,,,67,33,83
182980,21,23,20,25,25,30,,11,20,27,50,29,30,14,40,14
183026,29,35,35,35,20,52,0,15,29,48,50,17,63,18,54,37
183044,69,77,75,78,67,75,,68,66,77,75,66,75,68,76,80
183062,53,60,62,59,67,80,,50,66,60,52,56,0,53,63,58
183071,55,66,59,71,,80,,,100,62,,,,52,56,63
183080,48,58,55,61,,60,,50,59,59,30,68,67,55,61,58
183211,46,55,65,52,50,83,0,50,30,56,43,83,,45,55,66
183239,81,84,79,87,,100,,56,100,84,70,82,100,82,77,92
183257,3,15,44,4,,0,,0,0,17,,,,8,8,14
183275,76,76,80,73,,,,,,81,,60,,75,100,50
183789,29,36,35,38,50,25,100,18,38,45,,39,100,16,22,22
183822,19,33,32,34,0,25,100,33,28,50,33,50,54,33,35,41
183910,51,64,56,68,0,58,0,48,72,77,89,44,56,59,64,72
183974,50,59,59,59,0,67,,50,58,65,,50,50,56,64,68
184348,64,69,67,70,0,70,,75,86,67,80,68,50,65,78,65
184603,38,52,52,51,,56,,46,48,50,64,49,81,43,50,52
184612,34,53,48,56,0,64,100,49,52,62,0,33,67,49,60,61
184694,53,63,56,70,100,70,100,46,59,70,41,56,50,52,59,81
184773,47,57,47,61,100,60,,38,50,62,50,74,100,47,62,68
184782,48,68,65,72,50,69,67,51,57,73,56,65,53,57,70,74
185129,13,36,28,41,33,40,,27,37,41,29,38,40,34,35,42
185262,26,50,45,54,50,50,0,43,49,55,35,54,67,47,56,51
185572,64,74,74,75,0,72,,68,68,77,72,65,50,70,76,77
185590,45,68,60,72,50,66,57,70,63,72,56,66,63,65,70,70
185828,41,70,67,80,,80,100,61,65,68,68,57,72,64,67,76
186131,90,98,97,99,100,99,100,97,94,99,98,100,97,98,100,98
186186,5,22,22,,,,,,,22,,,0,36,,13
186201,61,72,65,78,67,76,100,49,66,76,60,63,79,59,73,79
186283,57,65,63,66,,67,100,46,60,71,47,20,75,58,69,69
186371,38,65,59,71,0,79,,52,49,73,52,33,100,57,64,78
186380,67,84,82,87,33,89,93,77,76,85,81,87,84,81,80,83
186399,34,65,62,69,,70,0,61,59,68,61,60,78,65,70,64
186432,42,55,51,58,,81,67,47,57,59,67,33,56,53,62,60
186584,65,72,70,73,,83,33,57,60,77,71,66,56,62,74,76
186618,43,51,,51,,0,,44,57,50,60,100,100,50,52,58
186867,53,88,86,91,100,86,,69,79,89,,88,88,81,90,89
186876,58,74,68,77,0,81,75,64,65,76,62,72,67,66,74,80
186900,,,,,,,,,,,,,,0,,0
187134,75,86,81,90,80,85,100,76,87,88,83,96,50,83,87,87
187444,37,56,48,62,50,69,,49,48,62,46,53,67,50,60,62
187596,,13,18,0,13,,,,,,,,,0,,4
187648,20,29,23,35,0,100,0,22,30,35,5,22,22,27,21,34
187745,20,50,25,67,50,,,,,,,,,27,,50
187897,20,29,22,35,0,50,33,20,31,27,0,0,43,26,12,39
187967,30,54,51,66,60,78,0,67,48,54,63,80,100,40,53,66
187985,34,54,51,56,29,71,40,40,52,57,53,31,56,48,46,58
188030,26,51,46,55,35,74,50,42,50,55,48,60,51,45,34,60
188058,6,20,11,29,14,0,,0,25,,,,0,37,50,6
188182,13,26,24,33,,,,0,38,,,20,,22,29,
188304,15,25,23,27,0,75,100,9,25,27,33,0,100,17,17,30
188340,30,41,39,55,,58,0,25,33,52,0,60,,14,21,26
188429,62,72,71,73,,80,,64,65,75,58,67,71,67,71,76
188526,47,62,50,68,,40,,0,75,72,,100,0,22,21,22
188641,46,61,55,69,100,57,,46,63,62,83,67,42,56,59,68
188854,62,64,58,68,0,86,100,31,67,74,79,75,,27,26,24
189088,61,74,69,77,,90,,71,78,74,80,64,67,74,79,70
189097,85,90,,90,100,94,,88,86,90,95,100,89,89,88,91
189228,24,29,23,33,,14,50,29,33,45,0,17,35,21,34,27
189273,,,,,,,,,,,,,,,,0
189282,100,100,,100,,,,,,100,,,,,,100
189413,29,53,53,53,,,,55,52,100,,50,,58,44,10
189592,,,,,,,,,,,,,,1,0,0
189705,64,69,67,71,50,67,,40,61,74,100,33,65,59,75,76
189848,44,50,50,50,50,33,,53,34,52,50,46,,52,69,0
189857,,16,16,,,,,,,16,,,,17,,16
190044,63,76,76,75,25,74,,58,50,78,78,67,73,65,80,78
190099,85,91,92,90,,94,,94,85,94,65,90,86,91,90,91
190114,15,21,20,22,,,,31,0,,100,0,14,23,0,6
190150,86,97,96,97,100,98,100,94,96,96,93,100,100,95,96,97
190248,26,47,38,53,,67,,39,47,49,100,0,60,49,33,53
190372,66,79,79,79,,80,,100,100,80,62,77,72,88,75,77
190415,89,95,95,96,83,97,100,94,92,95,97,96,96,94,95,96
190512,45,73,68,78,67,78,67,63,68,71,82,,67,74,74,71
190549,28,54,48,61,0,54,57,43,50,62,57,,48,52,56,59
190558,26,50,45,54,0,44,50,36,36,60,20,,31,24,27,37
190567,24,60,54,66,100,61,54,59,57,60,53,,68,59,49,62
190594,27,56,49,60,50,60,33,52,49,57,48,,61,57,51,54
190600,33,51,44,55,50,50,62,46,49,56,50,,65,52,56,47
190637,28,53,45,58,0,65,33,54,51,53,50,,58,54,40,54
190646,3,23,18,27,50,11,,25,22,0,0,,20,14,11,18
190655,6,27,25,33,40,26,0,17,29,39,17,,29,14,11,15
190664,26,53,44,62,40,49,40,51,48,63,38,,47,52,41,55
190691,8,32,25,35,50,34,50,35,28,19,0,,26,31,50,32
190716,29,53,48,55,0,33,,45,63,54,50,0,100,48,55,58
190725,42,58,51,60,0,40,0,43,55,61,,50,100,48,65,67
190752,17,17,17,,,,,,,17,,,,0,,33
190761,33,48,40,53,,45,67,63,41,51,71,35,,43,49,59
190983,63,67,57,73,50,58,,64,29,69,25,79,91,59,70,74
191205,36,48,39,61,100,0,,36,25,65,40,0,,40,39,57
191241,79,83,84,83,80,82,100,76,74,87,82,67,74,81,86,83
191515,86,91,87,94,100,95,,91,91,90,92,92,91,90,94,90
191533,54,58,51,62,,69,,44,60,60,,59,40,60,57,55
191621,54,56,54,57,50,100,,29,50,60,25,67,,54,58,50
191630,72,77,71,82,100,68,,77,74,79,54,68,68,81,79,75
191649,55,65,62,67,56,67,78,50,60,70,67,41,55,54,65,69
191676,56,65,57,68,,50,,50,,66,47,50,71,47,78,83
191931,53,60,55,65,100,33,100,45,49,68,31,52,62,51,64,64
191968,73,78,73,80,33,76,,73,67,79,82,77,71,70,82,76
192040,68,89,89,89,,,,,100,89,,,,,88,90
192110,84,94,90,98,,96,,100,83,94,88,,94,100,85,96
192165,,60,60,,,,,,,60,,,,59,,100
192192,6,53,58,51,67,33,0,32,10,59,33,55,57,41,68,60
192271,37,51,30,53,0,76,,32,33,56,,47,50,50,49,54
192323,70,78,75,81,67,79,100,56,71,79,88,90,80,72,77,85
192448,25,41,37,44,33,49,100,35,35,53,35,22,46,42,48,47
192624,,47,47,,,,,,,50,,,0,63,,35
192703,55,70,67,74,100,74,,62,63,72,59,78,62,63,73,74
192712,70,74,69,79,,100,,100,50,68,58,0,82,58,61,85
192749,57,64,58,67,100,44,,57,58,71,45,47,71,64,67,62
192785,57,86,100,83,0,,,,,100,,100,,19,27,0
192819,77,85,82,87,0,88,,61,76,87,100,80,78,78,84,87
192864,50,58,57,58,100,50,50,44,55,61,73,61,45,56,66,54
192925,30,36,34,37,0,50,,23,33,48,24,35,,30,44,27
193016,33,48,45,49,,59,,41,43,58,60,62,38,44,54,53
193052,,38,38,,,,,,,38,,,,100,,0
193061,,,,,,,,,,,,,,,,0
193070,,9,9,,,,,,,9,,,,17,,0
193247,,11,11,,,,,,,11,,,0,24,,3
193292,50,72,64,76,0,69,0,73,68,75,33,50,,62,73,80
193308,69,77,78,76,67,100,100,77,73,56,,,95,32,41,56
193353,49,60,61,60,67,57,,47,51,64,75,73,,56,63,62
193399,43,63,55,67,,83,,53,58,69,28,81,25,58,67,67
193584,61,71,62,75,,73,,65,57,73,50,75,25,67,70,78
193654,56,69,60,72,67,85,,53,56,66,53,63,80,61,60,69
193900,79,88,87,89,73,91,80,84,87,87,83,86,89,86,87,89
193973,71,77,70,81,50,58,,31,77,81,81,77,61,73,80,78
194091,33,50,44,60,0,56,0,39,40,52,46,63,46,46,57,51
194116,20,80,,80,,100,,,,67,,,100,0,0,56
194161,34,43,39,45,0,73,0,19,40,51,0,100,67,34,52,50
194189,,,,,,,,,,,,,,0,,0
194310,46,58,53,62,67,65,0,51,54,60,45,65,66,52,58,64
194392,45,51,46,63,0,0,,0,11,56,0,50,,29,47,51
194569,32,35,33,38,0,,,20,0,48,100,,0,33,44,0
194578,53,72,64,74,,79,100,50,63,68,78,29,78,65,68,73
194657,,32,32,,,,,,,32,,,,50,,29
194666,,89,89,,,,,,,89,,,,98,,0
194693,,5,5,,,,,,,5,,,,0,,7
194718,,,,,,,,,,,,,,,,0
194763,4,27,27,,,,,,,27,,,,30,,26
194824,74,87,85,90,100,84,100,78,78,88,90,80,90,82,88,88
194958,54,59,58,60,0,80,,35,48,65,38,100,31,53,63,65
195003,26,73,68,82,43,78,,59,60,74,80,75,67,61,74,73
195030,75,86,85,87,50,91,100,70,76,87,80,77,90,84,82,88
195128,53,62,49,65,,50,,49,50,67,60,75,,57,70,64
195164,66,74,71,76,0,88,,81,74,73,69,60,86,69,75,76
195173,32,54,49,58,40,44,50,45,53,61,43,24,65,51,57,57
195216,76,80,74,85,50,75,,78,70,80,68,100,86,72,79,83
195234,48,59,54,61,0,60,0,63,42,62,68,24,67,53,58,72
195243,49,61,54,66,,57,100,16,69,61,,85,57,50,22,68
195304,66,72,72,73,100,69,100,33,65,74,74,70,80,78,77,69
195438,,17,17,,,,,,,17,,,,,,17
195474,76,81,79,83,,76,,61,74,83,58,100,80,72,84,84
195526,83,86,87,86,,79,,97,90,86,75,92,87,94,85,85
195544,59,70,71,70,67,76,0,61,70,72,50,71,,65,67,78
195720,65,72,68,75,0,70,,61,75,72,71,50,100,69,69,78
195809,47,64,61,67,27,70,85,56,58,72,59,60,52,60,65,68
196006,51,66,68,61,,,,33,60,67,100,33,100,20,18,32
196015,39,52,53,51,0,50,,69,43,52,67,100,50,19,25,29
196024,32,51,55,44,,50,,30,25,63,0,67,0,12,12,23
196033,43,52,52,52,100,0,,33,17,57,67,100,,22,24,33
196042,32,51,48,59,0,64,33,40,57,49,53,0,46,48,43,44
196051,29,37,32,49,,100,,26,39,40,33,50,,13,24,24
196060,58,65,60,70,0,62,100,68,63,67,69,55,58,64,64,66
196079,72,82,78,86,,81,100,81,78,85,77,82,67,80,82,82
196088,61,75,71,81,88,79,67,64,64,76,59,76,81,71,72,79
196097,63,76,73,81,100,82,100,76,77,72,69,82,72,78,74,76
196103,66,77,69,86,0,76,,64,65,79,75,100,70,81,75,76
196112,40,54,53,57,,60,,23,48,58,43,0,17,59,54,47
196121,50,66,61,69,0,69,,59,51,69,55,68,25,58,72,71
196130,26,40,34,45,43,28,0,40,34,46,37,0,29,39,43,41
196149,52,67,57,73,0,58,,69,57,70,50,75,33,58,70,72
196158,49,62,56,67,60,44,,57,52,65,45,63,36,58,61,68
196167,69,78,75,80,100,74,,70,76,79,74,83,63,74,77,80
196176,61,76,73,77,100,64,,76,73,79,77,64,40,73,77,77
196185,69,76,74,77,,60,100,66,72,78,65,62,50,71,78,77
196194,52,65,61,68,0,64,0,63,58,68,48,,28,62,67,67
196200,37,50,43,56,40,52,0,40,44,54,38,57,57,47,54,54
196219,53,61,57,64,,63,50,74,53,64,35,61,72,57,60,64
196237,26,49,38,57,,55,40,51,41,52,42,36,67,49,38,52
196246,48,67,61,72,83,44,0,75,68,68,73,71,66,62,67,72
196264,8,20,24,18,,0,,19,28,18,50,0,25,16,28,20
196291,45,72,73,70,0,69,,57,76,73,100,62,50,66,72,74
196413,71,83,81,85,58,82,71,79,83,85,78,90,81,80,86,83
196431,11,11,11,,,,,,,11,,,,8,,33
196440,,,,,,,,,,,,,,0,,0
196583,3,33,33,,,,,,,33,,,,33,,33
196592,51,63,65,63,,0,,,40,64,100,50,71,48,77,66
196866,80,86,87,85,,85,,82,92,87,73,,74,90,90,83
197018,,50,50,,,,,,45,54,,,0,56,,34
197027,75,82,82,86,67,81,,78,89,83,,100,40,96,100,80
197036,81,85,86,83,95,83,100,71,76,90,79,86,79,,,85
197045,40,54,42,66,,53,,45,42,61,50,59,50,47,64,59
197133,82,88,86,89,100,94,,88,81,87,92,,90,85,95,86
197142,23,31,17,36,,50,,12,27,47,33,,,20,40,33
197151,61,72,61,78,33,81,100,47,66,65,,80,81,65,61,77
197197,67,73,66,78,,87,100,62,71,75,71,80,35,64,73,77
197221,75,83,82,100,,100,,,,81,100,,,100,100,71
197230,54,56,52,58,100,17,,56,39,64,60,29,,45,66,70
197285,60,63,46,76,,100,,43,73,100,,,,24,32,31
197601,,50,50,,,,,,,50,,,,44,,71
197647,,18,18,,,,,,,18,,,,67,,0
197674,,12,12,,,,,,,11,,,33,15,,5
197692,38,38,38,,,,,,,38,,,,100,,33
197708,68,77,74,81,,,,,50,77,100,100,65,66,83,78
197735,,64,64,,,,,,,67,,,0,67,,62
197744,,,,,,,,,,,,,,0,,0
197869,54,73,68,76,27,64,,66,68,74,63,76,76,68,72,75
197911,44,52,47,56,0,100,,43,70,52,55,58,75,51,49,57
197984,40,46,35,62,0,25,,34,,47,,49,,34,53,50
197993,17,29,,29,0,,,31,25,0,40,17,,27,39,33
198066,33,39,26,53,100,67,50,7,0,42,33,53,47,35,54,38
198136,41,54,49,58,67,57,,45,51,63,48,22,60,42,61,65
198215,49,56,52,59,25,100,,45,50,60,27,,78,45,55,72
198303,16,31,23,41,100,0,,30,27,34,35,50,64,30,34,43
198385,89,93,91,95,100,94,,90,97,93,90,83,94,94,93,93
198419,88,96,94,97,83,98,100,90,93,96,89,95,96,94,99,96
198464,42,65,59,70,45,77,100,65,62,66,54,60,40,60,66,69
198507,21,43,43,43,0,0,,44,50,39,67,67,0,42,60,38
198516,79,83,81,84,50,71,,82,87,83,75,67,88,77,84,83
198543,23,36,32,38,45,71,,34,37,38,,57,,36,28,42
198561,45,54,53,54,33,75,,33,64,60,,46,,42,57,62
198598,24,34,25,48,0,0,,25,0,40,40,43,,26,46,37
198613,38,49,41,60,,62,0,41,54,50,43,100,55,46,48,52
198677,,,,,,,,,,,,,,0,,0
198695,65,69,66,71,25,90,,58,65,70,68,57,59,60,70,69
198756,29,44,35,51,,,,43,42,100,27,54,100,41,50,57
198808,38,44,34,48,,50,,21,67,45,33,33,100,31,44,64
198835,37,45,41,50,50,67,,26,38,51,45,36,29,40,55,48
198862,18,28,22,35,100,,,30,0,,,18,,31,19,0
198899,25,35,33,37,40,,,23,21,41,,0,44,31,33,48
198950,57,64,,64,80,54,,59,64,66,45,43,61,56,64,70
198969,24,40,35,50,50,57,0,22,33,48,33,22,67,28,40,59
198978,23,23,40,21,0,0,,16,,35,0,25,,2,5,0
199032,28,34,22,47,,50,0,14,0,48,33,17,0,28,23,48
199069,37,44,37,50,,67,0,31,33,50,,39,48,37,54,47
199102,26,52,45,58,17,33,,54,48,39,34,64,36,48,54,63
199111,47,62,59,65,67,59,,75,67,61,71,56,67,54,59,67
199120,85,91,89,92,86,94,100,88,90,92,85,94,57,90,90,91
199139,38,65,63,68,33,78,50,69,63,64,63,58,71,63,64,67
199148,37,59,52,62,20,65,0,60,60,58,52,71,64,56,62,62
199157,27,52,49,53,50,43,,53,41,62,38,50,0,49,57,62
199184,71,73,68,76,0,100,,73,88,73,60,57,80,73,71,72
199193,59,85,82,88,64,88,67,79,84,86,72,81,74,79,78,85
199209,24,31,26,42,33,20,,21,47,45,27,29,40,25,33,50
199218,57,74,69,76,60,76,0,63,65,75,73,72,44,66,75,76
199272,31,38,38,38,0,25,50,42,33,49,100,25,,29,63,33
199281,23,42,39,45,44,19,,43,40,45,31,31,10,41,42,45
199306,33,43,36,52,,0,0,31,23,48,67,0,46,38,41,48
199412,50,57,54,59,0,55,,50,58,64,25,29,79,44,68,61
199458,32,39,37,40,,0,,11,100,47,0,,,30,33,64
199582,15,19,12,27,50,,,18,0,33,,0,100,18,17,38
199607,64,66,,66,100,80,,82,62,64,40,100,0,67,61,68
199643,8,19,11,26,,0,,18,0,,20,20,33,17,44,29
199698,29,33,27,38,0,0,,30,33,41,,5,29,19,42,44
199759,20,39,37,45,,33,,0,50,40,,100,,,,38
199847,85,89,86,91,100,90,100,81,87,89,83,83,91,82,88,90
199865,34,42,44,40,100,0,,25,42,45,9,0,50,38,44,45
199962,39,49,49,50,25,39,0,42,54,53,38,56,60,44,55,53
199971,100,100,100,,,,,100,,,,,,100,,
199999,27,50,40,54,33,0,,50,48,38,50,55,58,50,49,53
200004,43,64,59,68,14,57,0,59,67,65,56,58,33,60,70,64
200059,16,36,31,42,0,0,,20,20,39,14,33,43,29,19,39
200156,44,55,49,61,0,,100,0,40,57,60,,58,42,63,58
200217,46,59,47,66,0,100,50,20,22,63,31,53,30,43,60,65
200226,16,30,17,49,,,50,4,20,38,0,,50,19,25,45
200253,36,55,47,59,33,50,,25,58,51,36,80,78,34,39,62
200280,35,61,58,64,35,68,50,34,63,62,53,74,57,49,60,65
200332,38,62,60,65,40,50,100,44,49,64,53,66,64,50,59,68
200484,22,42,36,59,0,,20,20,50,46,100,,,38,39,75
200527,17,17,0,20,20,,,,,0,,,,5,,0
200572,25,45,49,39,50,,,17,25,52,20,0,50,27,50,55
200800,4,53,52,54,40,65,0,26,38,58,40,52,62,28,38,68
200873,4,29,29,29,,100,,,,26,,,,17,100,60
201061,42,48,50,47,,100,,17,50,53,0,,,30,79,56
201104,52,62,53,67,,50,0,27,46,65,65,59,33,57,60,68
201195,56,70,65,75,0,69,100,58,51,75,63,,36,64,72,75
201371,50,55,43,70,,0,,47,25,57,55,100,,60,42,71
201441,44,61,55,64,50,50,,44,52,64,43,66,56,50,62,69
201469,,,,,,,,,,,,,,0,0,0
201548,53,60,52,67,,57,,42,49,64,49,60,69,47,67,66
201645,67,85,83,88,0,87,,81,87,86,92,89,76,83,86,86
201654,64,74,73,75,0,70,,60,58,75,67,70,82,66,71,79
201690,14,28,20,35,100,,,28,33,0,17,25,0,27,39,23
201885,37,72,70,74,11,73,100,66,69,73,69,69,75,61,73,76
201964,41,46,40,50,,50,,24,50,47,67,50,100,15,51,37
202046,56,64,75,56,,100,0,60,50,64,50,,80,61,72,59
202073,65,73,68,78,,33,,,,100,,65,85,75,62,74
202134,27,48,45,51,50,68,50,30,35,53,41,52,52,41,48,58
202170,53,61,59,62,,71,,44,67,65,44,33,80,63,82,44
202480,63,81,77,85,100,76,100,74,71,84,75,71,65,74,83,82
202514,41,45,35,62,75,100,,15,50,51,50,40,80,36,52,54
202523,77,80,75,85,0,85,100,80,80,80,84,100,86,78,78,82
202763,52,63,61,64,,33,,31,54,65,47,0,100,48,66,71
202806,39,42,37,50,,0,,24,33,43,100,63,79,33,47,52
202903,28,50,50,50,,,,0,0,54,,,67,36,0,29
203085,46,52,43,65,,0,0,45,38,58,31,37,,45,57,58
203128,41,50,38,64,0,100,,35,45,59,25,21,83,42,52,67
203368,67,75,68,83,,100,,58,81,75,68,100,80,68,78,76
203447,9,12,12,13,,0,,0,50,12,0,0,,6,22,8
203456,5,10,12,8,,,,0,0,11,0,,,5,8,10
203465,13,22,20,24,0,0,,2,29,24,6,40,0,17,22,32
203474,9,17,13,19,,0,,6,29,18,11,22,,15,18,17
203483,8,13,8,16,,,,0,0,14,0,,0,10,14,13
203492,8,10,5,13,0,,,0,33,9,0,100,,8,3,22
203517,55,65,61,67,40,66,0,57,54,67,51,62,60,53,68,73
203526,3,4,4,4,0,0,,2,10,5,8,0,,3,4,6
203535,86,89,86,92,,83,,83,79,91,93,57,90,85,90,89
203544,31,39,22,42,0,67,100,100,33,38,0,0,,30,47,40
203580,42,48,33,70,,,,30,29,54,,25,25,36,60,59
203757,26,43,35,48,50,,,22,14,52,29,100,,47,56,36
203775,46,54,47,60,0,100,,35,36,57,44,,80,46,55,63
203845,50,53,47,62,,100,,15,55,54,58,71,68,40,58,62
203960,33,33,,33,,,,0,100,36,0,,,6,22,67
204006,6,15,16,14,50,22,100,8,17,15,15,16,0,13,18,16
204015,1,13,16,11,0,50,,10,0,14,0,13,,9,12,20
204024,71,82,78,85,100,84,,75,80,83,72,50,76,75,81,83
204176,73,80,75,81,,100,100,75,0,85,0,100,,81,87,72
204185,58,66,59,74,0,100,,34,80,68,50,64,100,52,73,72
204194,55,62,58,65,0,67,100,40,44,65,60,57,33,58,69,10
204200,44,55,47,65,100,100,100,42,0,56,70,57,50,44,54,68
204264,42,56,44,67,,60,,19,60,58,50,,85,50,57,67
204468,26,43,38,50,,50,50,29,25,51,60,0,33,33,45,59
204486,37,45,43,46,,100,0,0,29,53,,33,46,4,7,10
204501,77,86,84,88,,82,100,91,87,86,86,,85,86,84,87
204617,47,54,50,59,0,100,,52,63,57,27,50,43,47,56,56
204635,59,71,64,79,100,100,,33,0,74,52,73,57,53,50,56
204671,6,11,5,17,,0,,0,0,12,7,6,100,13,7,10
204680,4,9,4,13,0,0,,1,15,9,21,10,,8,7,10
204699,4,7,3,11,0,0,,0,4,8,0,18,0,7,6,9
204705,2,4,2,7,0,2,,3,2,5,2,3,,4,4,4
204796,65,87,85,89,75,87,100,79,83,88,80,89,86,80,86,89
204802,17,30,26,32,,100,,,100,29,0,0,,25,18,33
204820,13,21,21,21,0,,,0,50,23,7,50,,14,16,18
204839,18,30,19,35,,100,,0,0,30,29,50,,15,19,30
204848,13,23,22,25,,0,0,25,22,25,0,0,,17,15,22
204857,48,66,63,69,57,79,67,60,62,67,59,78,66,54,67,72
204866,20,30,23,34,,0,,33,0,31,13,33,100,16,26,35
204909,60,67,61,71,0,77,,59,41,70,45,56,71,54,72,70
204936,56,66,60,70,67,89,100,40,43,68,58,50,67,56,64,75
205027,47,47,47,,,0,,,100,44,,,100,67,50,43
205124,17,17,17,,,,,,,17,,,,13,,25
205203,13,19,13,23,50,0,,5,50,20,,14,50,13,12,13
205443,27,42,39,45,0,,,46,67,43,43,25,20,19,41,35
205957,68,77,74,80,,71,100,,75,77,70,100,75,70,79,77
206048,34,41,40,42,,0,,28,22,44,27,32,71,35,40,55
206084,31,53,49,57,33,72,67,26,42,62,38,26,59,37,53,66
206279,25,38,43,0,,,,0,50,,,,,67,25,0
206349,29,36,67,35,0,,,27,25,41,33,0,50,29,38,50
206437,46,60,56,63,,100,0,41,27,62,50,68,87,51,58,72
206491,9,39,40,38,,,,39,,,,,,32,100,50
206507,44,52,47,57,50,0,,34,42,57,36,63,25,48,54,60
206525,58,63,55,69,,71,,35,58,67,69,33,43,51,72,67
206589,70,74,70,78,86,68,,73,72,76,,50,71,65,75,76
206604,26,43,42,45,38,54,0,24,40,49,34,50,56,32,44,55
206613,21,31,26,36,0,,,0,20,33,0,,,28,15,33
206622,61,69,66,71,80,67,50,50,66,72,72,86,58,52,68,75
206695,25,48,45,50,0,86,,21,32,51,34,42,78,34,47,64
206817,4,8,5,18,5,50,,3,17,7,25,5,,10,3,3
206835,31,35,23,48,22,0,,9,29,40,29,60,38,34,35,36
206862,46,47,38,59,13,50,,11,67,52,63,60,56,34,50,61
206914,17,34,32,36,13,43,33,17,44,37,30,25,37,11,28,30
206941,12,35,27,40,33,41,25,28,32,38,29,75,34,30,33,39
207041,25,39,32,44,37,0,0,32,46,40,41,55,22,38,44,38
207157,22,38,32,50,40,,,25,43,35,,,100,0,,52
207209,15,32,27,34,,,,33,33,42,,8,,17,25,21
207254,77,77,74,100,100,0,,80,88,71,100,,100,4,1,6
207263,18,36,32,38,30,64,50,19,35,39,36,50,43,32,23,44
207306,13,26,23,28,12,0,0,21,24,32,20,20,17,31,16,26
207324,46,60,57,63,80,80,,42,47,64,51,,,52,56,66
207351,28,36,34,38,50,0,,0,27,43,,50,,21,39,23
207388,44,64,59,68,50,73,25,46,61,67,57,75,61,51,55,71
207403,48,55,44,62,50,63,,22,60,58,48,100,60,47,51,65
207458,58,71,62,75,83,100,,63,65,72,55,,71,62,69,75
207500,46,72,69,75,54,77,100,59,68,73,70,73,86,59,64,77
207582,45,56,50,59,53,75,,45,42,64,56,30,47,44,59,65
207661,23,35,29,40,29,,100,0,25,38,33,0,33,16,25,27
207722,32,41,30,45,45,50,,17,54,42,37,100,31,19,50,93
207847,16,31,29,34,30,0,100,20,36,29,41,,30,24,36,41
207856,19,30,29,32,20,,,30,13,35,17,0,35,19,21,39
207865,26,43,36,49,20,57,,24,26,46,36,69,65,29,34,49
207971,56,73,69,77,46,86,100,58,78,74,100,64,73,63,55,78
208646,18,28,25,30,25,20,,40,19,30,35,13,13,26,26,36
208725,21,25,15,36,,100,0,,0,36,0,,0,50,10,0
208822,55,66,65,67,50,83,0,40,58,68,65,57,63,63,62,72
209056,69,74,70,76,50,78,100,73,72,73,100,60,84,66,77,75
209065,63,75,73,77,100,79,50,38,72,78,74,71,40,71,78,75
209241,50,50,50,,,,,,50,,,,,,,50
209287,36,50,54,45,,,,0,0,61,0,,0,43,67,44
209409,49,49,58,45,75,50,,0,17,51,67,100,,33,56,58
209506,25,50,46,56,100,42,0,0,49,54,47,25,,44,50,57
209542,41,69,67,72,48,78,62,47,62,70,67,83,69,59,68,75
209551,58,74,70,77,82,75,53,64,69,74,72,68,80,64,71,78
209603,27,40,43,39,0,,,0,33,37,54,67,,31,42,47
209612,58,64,58,69,100,76,64,54,52,62,68,75,80,57,61,73
209807,27,49,48,50,28,67,57,34,53,48,46,33,41,46,48,53
209825,76,84,80,87,100,87,91,100,85,83,80,96,71,79,84,86
209922,62,77,70,82,100,68,67,86,72,79,66,64,89,68,77,78
210146,44,47,44,48,0,45,63,32,53,47,49,22,42,45,41,50
210304,28,38,36,39,50,0,0,15,49,35,47,33,100,37,43,32
210331,50,50,45,52,0,43,0,0,0,55,0,75,,46,46,59
210401,67,74,68,78,33,79,0,85,70,74,78,63,50,70,77,74
210429,25,45,44,46,47,39,30,22,44,48,0,43,50,42,39,53
210492,23,30,22,38,,,,25,33,34,,30,0,30,21,33
210571,57,60,54,64,50,58,,46,67,67,50,38,8,55,68,59
210669,68,73,69,75,0,62,,57,63,75,80,50,67,63,77,76
210739,56,65,66,64,,80,,22,50,70,50,100,,48,69,76
210775,45,61,55,64,,50,0,36,59,66,43,,,51,66,82
211024,45,57,55,59,,100,0,0,25,62,,0,,52,58,40
211088,60,65,59,68,50,76,100,40,62,70,66,62,33,62,67,67
211158,39,58,51,62,50,62,100,37,40,62,41,52,,48,61,64
211273,80,85,,85,0,85,0,100,88,82,82,89,87,88,84,84
211291,84,88,86,89,,93,,86,88,88,90,100,83,87,84,89
211352,47,55,51,57,,0,,42,63,62,24,47,0,48,61,60
211361,37,50,48,53,50,57,0,36,31,55,48,25,43,43,52,59
211431,43,58,52,59,0,50,,34,67,67,54,33,,51,62,84
211440,80,93,93,93,100,95,100,92,88,92,93,93,96,90,93,94
211468,55,61,100,60,100,100,,58,58,59,,,100,61,52,72
211477,42,42,36,46,,,,27,57,54,33,33,,31,20,38
211556,55,62,0,62,100,33,,50,25,68,,50,75,58,59,72
211583,48,52,49,54,,33,100,50,33,55,63,25,100,51,53,51
211608,21,27,19,37,,,0,28,22,40,50,16,50,28,19,30
211644,42,57,50,60,,100,0,30,28,61,48,80,100,39,58,65
211893,56,94,86,100,,100,,67,,100,,,100,0,100,90
211981,47,54,40,63,50,71,,31,41,59,,100,100,45,56,62
212009,81,84,85,84,,69,100,85,88,84,88,60,83,82,85,84
212054,26,71,67,75,33,78,80,61,53,71,68,73,76,65,72,74
212106,69,77,71,80,0,64,0,64,69,79,69,50,86,66,67,71
212115,37,50,41,59,0,67,50,41,39,56,31,29,0,42,56,55
212133,50,58,53,61,100,67,,33,48,64,,67,71,28,66,53
212160,35,50,41,55,100,25,0,36,44,52,28,38,71,37,46,52
212197,68,72,68,74,0,92,,41,50,75,64,,50,65,73,75
212577,81,85,81,89,,82,,89,81,88,70,69,81,84,88,84
212601,54,68,66,70,,83,100,42,38,73,61,0,56,58,71,70
212656,67,72,64,82,,50,,39,0,75,70,100,,66,74,78
212674,80,85,81,87,100,85,,86,83,86,76,60,80,86,86,83
212805,80,83,80,87,,86,,17,78,84,73,,80,,,83
212832,49,61,53,67,,80,,15,80,66,,50,,46,62,64
212911,85,93,91,94,,94,,89,94,93,100,100,86,94,100,91
212984,48,57,53,58,,69,,33,58,61,,48,,48,63,67
212993,82,91,100,88,,100,,,100,88,,,,100,,50
213011,55,70,46,79,,67,,56,86,69,80,50,100,67,74,66
213020,41,54,49,59,0,61,0,32,36,61,42,45,69,42,59,63
213251,70,74,68,81,,85,,64,74,76,36,69,73,74,77,72
213303,30,42,34,49,,0,0,50,38,42,0,50,33,38,42,32
213321,52,59,53,66,,57,,37,56,62,63,50,50,48,63,67
213349,37,52,48,55,25,42,33,34,39,56,42,38,65,43,55,59
213358,45,58,51,66,100,50,,79,75,59,33,33,47,67,63,47
213367,57,66,65,67,50,67,,51,66,71,76,67,63,53,65,74
213385,86,90,88,92,,64,100,96,84,90,100,93,96,85,90,91
213400,49,60,59,61,,,,78,100,64,58,41,0,51,55,53
213507,71,75,72,78,,69,,41,55,81,56,54,50,69,77,79
213543,79,88,84,93,100,91,,81,86,90,75,84,81,88,87,88
213598,30,45,30,54,33,,,47,33,0,57,32,60,40,53,58
213613,38,51,48,53,50,22,,26,43,56,0,21,50,38,58,60
213668,52,62,54,70,,60,,51,50,65,54,60,56,58,59,70
213783,46,57,54,58,,100,,30,50,59,40,75,67,38,55,64
213826,54,71,68,73,,40,,64,63,74,44,67,33,69,73,72
213987,63,70,65,73,57,82,100,51,50,72,,38,78,57,71,76
213996,75,79,79,79,,75,,50,71,80,74,40,83,66,79,84
214041,36,56,56,56,33,43,100,33,41,62,47,67,,46,58,64
214069,67,74,64,80,,80,,40,80,75,60,,0,72,74,75
214148,51,55,,55,,33,,62,75,46,100,,,53,71,53
214157,66,69,64,73,100,85,,67,64,70,50,81,56,58,74,73
214166,32,40,45,38,0,100,,13,,42,,44,75,18,22,33
214175,79,81,79,83,100,94,,81,74,82,100,70,61,87,87,77
214272,31,51,47,53,,40,,38,27,63,22,49,67,43,57,67
214883,,50,50,,,,,100,,0,,,,4,,0
214971,50,50,67,46,,,,0,100,43,40,,100,25,50,45
215053,49,51,50,51,,33,,0,0,57,33,50,,52,46,60
215062,86,96,95,96,100,98,,93,90,96,98,80,95,92,93,96
215105,50,57,53,60,33,55,,46,55,63,44,17,44,48,64,44
215114,29,55,43,63,,80,100,0,44,60,0,,50,51,57,57
215132,71,81,79,82,,86,100,77,68,75,92,94,67,78,78,84
215266,35,44,40,47,,25,100,30,37,49,50,50,7,37,41,43
215275,25,36,31,40,,35,,34,15,38,27,36,20,32,35,41
215284,37,54,54,54,,33,0,39,50,57,26,33,11,49,58,53
215293,69,84,81,86,100,87,67,65,76,85,81,68,76,76,81,87
215442,49,55,54,55,0,53,,39,44,59,53,,62,47,61,58
215655,55,69,64,76,0,33,100,34,100,73,55,71,77,59,74,73
215691,33,48,39,51,0,60,,39,44,57,57,67,0,48,60,30
215743,59,63,53,68,,75,100,40,100,67,44,44,44,90,82,0
215770,75,81,77,84,0,82,,75,72,83,75,69,58,64,84,82
215798,67,73,72,75,100,63,,52,48,76,,100,0,64,75,82
215929,74,82,77,84,50,75,,55,83,82,79,91,100,73,83,84
215947,55,66,56,73,,67,50,39,38,70,64,40,67,59,72,65
216010,35,51,47,56,50,54,0,38,41,55,29,33,100,40,55,59
216038,55,69,67,71,75,67,100,49,50,71,61,38,56,61,71,76
216047,54,54,54,,,100,,100,0,50,,,,100,100,45
216278,72,75,72,79,100,64,,50,61,79,71,,67,67,73,83
216287,91,97,97,98,100,98,100,100,96,97,94,100,98,98,96,97
216311,42,42,42,,,,,,,41,,,50,33,,46
216339,55,75,71,78,75,76,100,66,63,78,68,76,70,69,76,78
216357,43,49,46,54,0,0,,20,38,55,50,80,,38,50,88
216366,56,70,65,72,100,85,100,58,48,73,58,70,63,64,69,74
216524,71,74,69,78,,74,,55,66,76,75,86,75,70,76,75
216542,38,45,47,42,100,0,,35,43,48,44,0,100,34,50,65
216597,89,92,92,93,100,91,,91,89,93,84,92,92,87,94,93
216667,63,65,58,73,,67,,55,54,68,50,15,80,56,64,76
216694,57,65,58,70,0,50,100,64,60,67,36,100,,63,61,73
216764,55,75,71,78,100,79,100,58,73,78,62,40,100,68,77,78
216807,60,71,59,80,,100,,35,60,75,60,65,100,65,71,83
216852,53,65,61,70,100,66,,52,49,69,61,83,22,56,66,72
216931,53,64,61,66,100,88,100,30,61,66,63,29,73,57,66,76
217013,35,50,43,51,100,0,,58,100,47,0,53,67,41,57,52
217040,,6,6,,,,,,,6,,,,14,,0
217059,46,65,61,69,0,54,100,35,49,70,52,50,33,53,71,69
217156,84,95,95,95,71,94,100,95,93,97,93,96,95,92,97,96
217165,79,82,79,87,100,80,100,78,76,84,80,82,77,74,87,81
217235,53,60,54,64,,100,,54,53,65,50,56,79,47,57,65
217402,82,85,84,86,100,100,100,85,80,86,80,86,76,80,85,86
217420,21,46,39,49,22,41,0,29,40,50,30,61,0,40,49,54
217484,53,69,65,73,33,64,100,56,60,72,63,66,59,61,67,70
217493,70,89,87,89,100,91,,89,85,90,90,81,88,88,89,89
217518,62,69,64,73,50,63,,81,63,70,68,61,41,66,70,68
217536,73,76,73,77,60,75,,64,78,76,100,74,56,68,79,78
217606,34,43,36,54,0,,,33,29,50,,50,100,27,33,50
217624,8,19,23,17,,,,19,0,0,,,,17,25,26
217633,51,57,52,60,100,50,,33,33,59,63,67,0,42,54,67
217688,30,44,37,50,100,67,100,35,33,49,25,33,100,40,40,53
217721,15,28,19,39,,33,,28,,0,,,,27,26,47
217749,57,63,64,63,100,54,33,38,50,67,43,56,65,55,,64
217776,46,54,44,61,,100,,36,40,61,67,100,50,42,65,65
217819,57,66,60,68,50,71,0,60,65,67,51,100,50,58,64,69
217864,65,71,71,80,75,83,,61,72,73,67,50,67,64,74,74
217873,37,50,42,53,60,0,,49,29,100,,,76,47,55,73
217882,63,85,80,90,71,91,100,70,76,87,78,88,74,74,84,88
217891,1,4,4,4,,,,5,0,0,0,0,,50,50,0
217907,44,53,47,59,0,,,58,40,53,35,,69,51,48,59
217925,59,65,72,59,,,,40,75,68,75,50,50,63,92,35
217934,60,66,,66,100,,,68,33,63,67,50,100,69,48,70
217961,50,55,,55,,100,,55,35,58,44,55,0,40,100,58
217998,48,52,53,51,,67,,32,100,57,,32,,31,69,86
218061,23,44,39,46,,38,100,38,31,51,35,75,53,39,47,57
218070,75,81,79,82,,81,,77,78,82,100,75,71,77,82,82
218229,29,49,41,53,,36,,34,40,56,13,45,0,42,51,57
218238,26,33,26,44,,,0,18,33,42,19,0,83,27,41,34
218399,8,26,20,31,,,,27,0,,0,,,24,71,38
218414,38,52,46,60,0,100,0,35,45,61,70,50,43,44,58,63
218441,42,51,45,58,33,50,0,29,50,54,,50,,55,49,50
218539,53,61,55,68,,50,,49,60,64,50,0,80,55,56,67
218645,24,41,29,48,67,40,,37,45,46,25,42,16,38,44,43
218654,23,34,33,36,,75,,37,36,31,38,40,45,33,36,36
218663,65,78,74,81,60,82,60,73,75,79,70,73,72,68,75,81
218724,32,46,40,51,30,47,0,44,52,46,45,100,71,43,48,48
218733,13,30,24,36,0,60,,30,17,44,,,50,27,28,54
218742,30,47,40,51,0,42,,47,45,48,44,42,53,43,46,54
218919,32,41,27,53,,,,40,,,,0,100,46,,6
218964,46,61,57,62,29,56,0,55,53,65,60,,33,55,65,66
218973,77,80,71,88,100,83,100,81,72,81,75,100,80,82,78,81
219000,56,72,70,74,0,0,0,56,100,75,63,,48,61,72,76
219046,20,40,35,44,10,33,,0,41,42,40,57,57,28,42,41
219082,29,47,45,52,0,75,,9,22,52,30,17,100,35,48,58
219091,39,44,40,49,0,,,75,50,43,43,,50,42,55,38
219198,43,53,55,51,100,,,0,20,57,0,0,,36,64,62
219204,,,,,,,,,,,,,,0,,0
219259,29,48,45,50,11,25,,22,33,51,25,,65,33,43,54
219277,,3,0,5,3,,,,,0,,,,3,,0
219295,36,45,40,52,50,,,50,45,46,20,56,43,32,45,55
219347,19,50,47,61,0,100,100,17,42,51,30,50,90,44,51,52
219356,41,59,54,63,9,33,0,23,34,61,43,50,60,45,59,65
219374,,,,,,,,,,,,,,0,,0
219383,46,56,49,60,50,100,,0,42,58,67,,100,50,51,63
219471,43,60,56,62,32,75,,38,43,62,58,75,45,46,56,70
219505,45,64,100,20,,,,64,,,,,,64,,
219602,28,45,37,51,25,50,33,40,43,46,47,42,50,38,46,53
219639,33,44,63,42,,50,,13,50,52,100,,,38,56,45
219709,60,71,68,72,75,68,,67,71,72,70,68,69,63,73,73
219718,26,35,29,44,,100,0,23,100,40,0,14,67,30,39,43
219790,38,47,43,52,,,,75,29,47,62,,40,44,53,49
219806,45,52,46,56,100,67,,32,29,56,14,0,44,46,49,67
219833,37,57,53,60,100,72,,41,67,63,38,72,33,58,58,55
219949,40,54,47,61,100,0,,25,50,61,,52,60,41,45,70
219976,59,69,66,70,100,56,,40,51,73,67,33,75,54,74,72
220075,32,50,45,54,25,64,100,27,40,53,31,46,60,40,48,62
220181,40,49,32,59,,0,,51,38,0,33,56,,41,0,82
220206,44,62,62,62,0,,,0,100,61,100,,,63,33,35
220215,58,66,62,68,0,50,,32,50,69,80,80,75,54,68,72
220473,54,65,59,72,100,,,29,0,67,0,100,60,57,69,66
220516,42,51,51,50,,,,50,33,51,50,64,50,46,54,53
220552,14,26,13,33,,,,0,0,31,0,,,9,5,18
220598,14,23,16,32,,,,23,,,,,,21,50,44
220604,3,15,14,16,,0,,14,100,,,,100,14,20,30
220613,48,63,54,67,50,78,100,35,58,65,40,78,57,53,61,71
220631,42,53,48,57,100,,,37,,55,,47,,32,44,56
220701,24,31,28,33,,,100,14,50,35,100,14,29,29,34,35
220710,36,45,35,57,100,50,,25,29,51,33,0,50,35,46,59
220862,28,52,46,56,50,57,33,42,59,56,51,15,73,43,53,63
220978,30,51,47,55,22,59,0,45,48,54,42,0,80,44,49,59
221351,79,82,80,83,50,83,,71,95,82,74,75,100,84,75,83
221519,76,80,75,85,,86,0,75,83,80,81,,79,79,77,81
221661,33,62,61,63,100,68,100,48,61,67,65,,42,46,44,51
221731,33,48,36,54,,25,,31,100,48,50,20,100,41,78,54
221740,32,50,45,54,60,60,,48,39,51,39,43,44,46,44,55
221759,51,71,67,75,56,77,,61,67,72,62,78,70,61,67,77
221768,35,54,49,57,,50,,47,45,56,33,,52,44,55,67
221838,14,31,28,34,100,50,,30,45,35,15,67,43,28,0,38
221847,35,57,53,61,0,64,0,46,51,58,45,57,59,48,51,66
221892,49,57,57,57,,80,0,44,41,60,56,33,75,47,47,62
221953,30,36,26,51,20,100,100,20,22,38,44,83,88,31,38,47
221971,57,66,58,70,100,86,,42,33,69,,50,25,56,60,77
221999,88,93,91,94,100,95,100,86,91,94,90,100,89,90,90,93
222178,53,66,64,67,0,64,,53,57,71,60,100,81,58,63,72
222831,31,43,37,48,0,67,0,26,39,51,26,,23,34,45,51
222877,9,21,12,29,0,0,,0,33,30,,,,20,18,23
222938,15,21,19,23,0,0,,13,35,32,,8,,13,7,22
222983,66,71,65,76,50,85,,46,73,69,83,,86,63,69,76
223232,64,79,76,81,93,85,33,74,68,83,71,91,78,71,77,83
223463,67,67,57,73,,100,,75,55,100,,,,1,0,4
224004,29,43,41,45,,63,,35,37,54,,21,,38,51,26
224147,18,37,32,41,0,47,,30,35,41,37,42,59,33,41,41
224226,43,56,53,59,40,36,100,32,43,61,,,,40,58,61
224244,12,22,24,19,,,0,8,25,32,0,,0,15,38,20
224323,62,69,66,72,100,50,0,56,58,76,70,50,38,55,67,76
224527,27,35,26,46,25,,,22,37,40,38,,25,30,40,38
224545,24,38,32,44,,60,,29,31,43,19,0,,28,57,44
224554,28,43,33,51,50,35,0,37,42,46,53,67,0,37,43,53
224776,14,14,12,17,,,,7,13,17,0,25,,9,6,7
225201,48,48,50,40,,50,,50,44,61,20,,,5,4,10
225247,43,55,49,62,0,100,,46,44,59,43,100,100,42,61,63
225399,33,47,42,51,0,52,50,41,45,55,60,42,42,42,43,57
225414,31,52,42,57,,57,,25,51,55,50,50,100,48,33,57
225432,9,30,23,35,100,24,0,25,31,25,31,30,43,31,16,31
225502,14,19,14,22,,0,,14,19,23,14,100,57,19,21,20
225511,36,62,58,67,67,70,63,57,59,60,52,74,69,61,54,65
225548,26,40,30,52,0,50,,24,36,48,,26,,31,48,48
225575,21,31,31,32,,0,,25,27,36,50,0,83,23,35,49
225627,33,56,52,59,0,64,100,51,56,59,64,55,63,51,60,62
225885,9,16,11,21,0,,,14,23,0,,0,0,16,0,
226091,16,37,32,40,30,56,60,25,32,45,34,29,50,29,36,46
226152,24,46,37,52,0,25,,0,47,36,0,,30,47,45,41
226231,48,56,54,61,100,80,,10,25,61,44,56,50,55,53,60
226383,31,48,43,51,0,25,0,22,33,56,,,50,29,57,56
226471,36,51,41,58,100,83,100,30,46,57,41,45,29,43,54,58
226587,25,35,31,45,100,,,21,24,48,100,0,,25,35,62
226833,22,44,38,49,0,45,0,39,40,49,33,33,52,38,38,52
227216,37,57,48,65,35,64,83,54,55,58,60,33,58,55,55,60
227331,30,38,24,45,0,100,,26,40,35,50,0,100,36,45,40
227368,24,47,39,54,0,70,,25,47,47,33,37,61,46,41,51
227429,11,21,21,20,,,,20,25,0,,,,25,0,0
227526,14,37,31,41,50,57,0,37,49,13,44,,67,34,36,55
227757,85,94,93,96,100,97,100,86,97,93,90,100,95,90,91,95
227845,55,67,63,70,67,79,100,36,69,67,64,80,66,67,73,64
227863,36,66,62,68,,75,,67,59,68,64,40,75,68,58,67
227881,34,58,51,61,50,55,33,55,58,61,51,54,26,57,56,60
228042,44,51,50,52,,100,,55,50,53,20,,33,52,48,52
228149,48,59,52,64,33,56,50,53,58,68,75,33,61,53,55,71
228246,73,81,79,83,67,81,50,75,75,83,76,,73,76,80,82
228325,43,56,39,71,0,,,43,50,59,33,100,,43,54,50
228343,66,73,64,80,,90,0,73,76,72,82,100,56,75,73,72
228431,34,54,45,58,58,66,0,42,48,61,47,33,0,48,55,59
228459,31,55,49,59,60,53,40,51,53,58,54,60,31,49,55,60
228468,25,43,29,53,0,40,0,35,41,47,83,0,56,41,,40
228486,33,33,33,,,,,33,,,,,,4,,100
228501,19,30,24,41,100,0,,14,34,33,29,0,,30,36,29
228529,30,46,39,50,31,30,0,36,42,49,41,38,100,41,38,52
228705,23,45,42,48,100,70,0,18,47,46,44,50,77,40,53,48
228723,56,83,79,86,71,83,100,84,75,86,67,87,85,73,77,87
228769,28,52,48,56,25,64,50,52,48,49,39,100,71,51,49,55
228778,70,88,85,90,67,91,90,74,82,89,87,90,86,81,85,90
228787,52,69,65,75,0,77,67,70,62,67,72,72,40,67,64,71
228796,18,44,38,50,0,53,0,35,44,38,43,42,62,41,42,52
228802,28,43,31,52,50,50,,37,38,52,54,7,50,40,46,45
228875,70,82,78,85,92,82,83,76,80,83,100,50,81,74,82,83
228884,6,14,7,29,,,,15,13,0,,,,16,0,0
228981,37,55,47,66,0,100,,54,53,58,38,58,,40,56,66
229018,23,41,38,43,33,44,67,6,42,40,0,67,50,36,32,45
229027,25,46,42,50,25,41,50,54,47,44,47,26,40,47,46,46
229063,7,19,16,21,23,14,0,17,22,29,,33,45,17,16,30
229115,37,63,62,65,50,68,73,56,57,67,56,71,65,57,59,67
229160,24,34,27,45,50,,,32,46,50,25,50,13,45,39,25
229179,26,48,35,49,17,66,0,26,47,59,54,60,67,43,45,56
229267,67,79,77,81,,85,,78,79,80,82,75,68,79,73,81
229780,8,18,15,23,0,,,7,22,18,33,18,22,17,12,22
229814,27,44,37,52,25,50,0,24,40,51,33,10,53,38,51,48
229887,18,28,27,29,,,,27,29,0,,,38,26,47,28
230038,21,75,65,79,50,66,55,75,71,77,74,67,68,68,60,78
230047,27,49,49,48,0,54,39,67,50,46,60,,57,41,65,50
230056,,,,,,,,,,,,,,0,0,
230171,14,23,20,25,0,44,5,26,22,24,18,17,33,18,20,23
230597,83,100,100,100,,100,,,,100,100,,,0,1,0
230603,22,39,33,42,13,56,25,33,24,40,0,41,47,30,37,47
230621,23,23,29,14,,,,33,13,24,0,40,,9,10,10
230728,21,48,44,51,25,44,70,31,43,49,45,36,55,34,35,44
230737,13,29,22,36,0,36,11,23,19,34,21,19,32,20,16,28
230764,34,67,64,70,43,80,44,50,57,68,67,73,75,58,63,72
230782,16,36,29,42,29,38,0,23,24,38,25,45,65,22,21,35
230807,57,69,64,73,100,56,,83,67,71,43,50,79,60,62,77
230816,61,71,73,70,50,100,,33,67,67,82,67,84,63,70,75
230834,46,56,50,61,75,,,11,25,58,45,43,55,50,50,69
230852,57,66,61,74,40,81,,58,54,65,63,72,50,62,66,65
230889,38,38,50,33,,100,,,,40,,0,,0,67,25
230913,32,43,40,47,50,100,,27,45,43,31,65,17,40,45,42
230959,87,94,93,94,100,98,,92,89,93,100,100,94,88,92,95
230977,72,72,64,100,,100,,0,0,79,,100,,40,17,2
230995,50,57,55,63,0,67,0,47,49,59,50,55,45,49,56,65
231059,72,75,73,75,,64,,57,66,76,79,100,50,68,75,77
231095,16,16,10,22,,,,0,100,15,0,0,0,33,0,0
231165,24,38,44,26,,100,,,,40,0,0,0,16,27,29
231174,64,76,70,81,33,77,,70,63,77,79,83,70,71,76,78
231420,42,50,46,56,100,,,34,46,60,40,,75,44,50,63
231554,22,36,26,54,,100,,24,17,45,29,0,50,53,100,0
231581,57,63,58,68,0,38,,60,41,68,52,60,0,55,64,68
231624,85,91,88,94,100,94,,86,92,93,86,93,84,88,95,91
231651,50,61,59,62,0,67,,41,60,64,70,50,100,79,84,48
231712,70,80,75,83,0,68,0,77,80,81,77,81,40,70,84,80
232025,46,54,47,64,100,67,100,22,75,60,67,39,33,42,61,63
232043,48,60,59,61,0,60,,48,37,68,43,100,43,49,70,65
232089,19,32,25,40,50,50,,26,40,34,37,25,50,30,34,33
232186,48,72,66,77,40,76,57,69,72,71,65,77,73,72,69,73
232256,62,71,71,100,50,100,,54,89,73,63,50,,57,71,76
232265,44,60,53,63,0,0,,60,75,30,,,,51,62,59
232308,59,62,,62,0,33,,52,56,66,50,50,80,55,72,68
232423,68,82,78,85,100,79,67,72,84,83,80,85,62,75,81,84
232557,37,58,54,61,58,68,50,30,48,64,48,48,58,38,60,64
232566,51,67,59,71,71,69,100,55,64,68,64,79,69,63,66,69
232609,47,57,52,61,0,50,0,56,43,59,63,57,100,47,58,68
232672,35,42,,42,,67,0,51,41,38,14,55,,41,35,56
232681,55,65,61,68,100,50,50,48,59,68,66,64,50,65,64,66
232706,41,54,49,57,33,42,100,44,51,65,15,73,46,40,62,57
232937,17,40,36,43,100,33,0,40,35,45,39,27,,41,58,28
232982,27,53,48,57,50,60,69,50,50,55,52,43,63,46,55,58
233277,40,56,51,60,50,38,0,51,60,59,44,33,72,51,58,58
233295,61,66,63,67,67,90,,50,44,68,56,50,75,60,63,70
233301,52,56,47,62,0,43,,50,36,59,64,,67,40,66,57
233374,82,88,86,89,0,92,,88,92,88,82,91,82,91,89,87
233426,64,70,67,71,,75,100,63,61,71,63,,86,65,70,73
233541,46,60,52,67,33,50,0,53,62,64,52,50,75,57,63,60
233602,32,53,67,46,,,,,100,53,0,,,,,48
233611,28,45,39,50,33,0,0,43,40,44,90,0,75,33,49,95
233684,7,7,0,100,,50,,0,0,0,0,0,0,0,0,11
233718,1,31,,31,0,50,,23,18,34,25,67,14,30,36,24
233897,31,48,38,58,100,50,,24,60,53,33,56,,43,88,38
233921,65,86,83,90,100,90,80,74,83,87,85,90,82,80,82,87
234030,44,66,61,70,50,73,100,67,64,66,51,73,65,62,65,69
234076,89,94,93,95,100,96,50,89,93,95,89,93,86,90,92,95
234085,76,85,87,79,100,85,67,69,90,86,86,,100,81,83,88
234137,16,26,33,14,,,,28,,0,,,,21,0,0
234155,28,46,42,49,33,70,,46,43,64,,41,,43,47,64
234164,21,36,28,41,50,,0,36,40,,,50,,35,49,23
234173,46,50,39,56,100,14,,41,60,54,62,46,25,43,51,57
234207,91,93,92,95,,100,,78,94,93,100,100,93,96,94,93
234827,34,58,54,62,38,53,38,54,50,64,50,47,42,53,61,62
235024,50,52,46,55,,88,100,33,50,50,63,0,,57,56,38
235097,26,51,51,51,48,52,8,39,46,53,45,56,86,44,53,57
235167,35,45,39,49,44,53,50,42,46,46,40,38,,46,46,44
235316,77,88,86,90,80,90,100,77,90,88,87,90,73,85,87,89
235422,23,42,39,43,0,,,,45,14,14,,60,37,0,71
236133,54,61,55,65,75,63,25,64,50,66,56,0,25,47,53,56
236230,63,71,67,73,80,81,50,31,74,73,62,,50,64,73,77
236328,68,77,71,81,,77,,86,63,80,61,67,67,75,78,77
236452,50,61,54,69,100,67,58,80,57,63,50,0,100,61,67,58
236577,51,65,66,65,0,66,25,53,64,68,63,0,58,50,67,75
236595,62,73,71,74,75,81,82,75,69,72,74,68,69,72,75,72
236896,31,58,58,58,100,52,100,9,53,64,63,36,53,36,54,68
236939,37,59,53,63,38,56,56,47,51,63,54,51,56,51,63,62
236948,67,82,78,86,64,84,65,72,77,83,80,87,82,77,79,84
237011,38,68,64,70,63,65,40,57,60,69,68,57,57,61,65,72
237057,79,86,85,86,,75,,80,79,89,91,63,60,80,91,85
237066,66,77,75,78,60,74,0,40,67,80,82,100,77,63,77,87
237118,25,32,26,39,67,29,,14,29,36,0,,40,27,34,39
237136,52,57,44,67,,,,,,57,,,,46,0,38
237181,35,43,34,60,33,,33,29,29,55,33,18,44,32,52,54
237215,14,36,36,36,0,,,18,0,39,50,0,0,28,13,28
237312,37,46,39,53,20,50,,38,40,46,0,37,64,35,50,50
237330,28,38,32,42,100,0,100,15,67,40,29,,29,36,29,41
237358,43,52,44,59,0,,,46,,59,,49,32,42,37,52
237367,25,36,34,37,,50,,19,18,36,47,50,83,28,33,44
237385,14,36,29,44,0,0,,91,0,34,0,0,,25,49,35
237525,29,51,46,54,40,54,,46,50,51,55,33,67,42,51,60
237640,23,30,21,37,,0,,0,33,35,0,50,50,20,27,31
237783,23,23,21,25,0,50,0,10,38,24,100,15,29,18,38,18
237792,32,46,38,51,33,63,,33,50,46,47,,,38,48,50
237899,18,30,31,30,100,0,,22,32,32,33,30,,23,33,40
237932,37,53,49,56,0,50,,43,33,53,33,69,80,49,63,21
237950,16,28,27,29,0,50,,35,8,28,0,0,40,26,15,34
237969,47,55,48,60,100,50,100,23,33,59,38,100,73,46,57,65
238032,41,61,57,66,20,57,75,41,45,63,51,67,67,50,58,67
238078,,42,35,53,50,67,,12,50,52,0,10,0,43,96,0
238193,22,43,,43,14,33,50,16,48,50,67,,,41,44,56
238324,52,65,25,74,,,,,,65,,,,,,65
238333,68,78,75,80,,55,,90,78,77,80,70,86,76,72,80
238430,35,50,41,55,50,75,,26,54,53,40,0,56,41,52,57
238458,61,70,66,72,50,68,,0,57,72,79,43,69,57,74,74
238476,55,62,54,70,67,55,100,37,39,68,55,27,67,52,62,70
238573,100,100,100,100,,100,,100,100,100,,100,,100,100,100
238616,49,63,55,68,33,73,100,20,53,65,46,,38,46,68,63
238661,42,65,56,68,,79,,33,48,68,50,89,20,54,68,75
238980,41,46,41,51,0,100,,36,44,65,67,11,50,40,50,53
239017,63,79,75,82,100,88,,65,74,80,88,100,75,71,79,82
239071,47,54,49,58,,50,0,33,29,55,57,60,50,55,48,48
239080,35,47,37,52,,0,100,27,29,52,67,0,46,46,20,49
239105,67,84,82,84,80,80,50,71,80,85,75,80,82,74,85,86
239309,44,51,50,52,,60,,40,56,54,43,0,0,45,43,74
239318,48,70,66,82,100,67,0,50,54,74,71,63,48,66,71,70
239390,31,51,,51,0,67,,37,46,58,56,100,100,52,36,70
239512,50,56,50,63,25,,,0,25,63,29,,25,42,59,69
239628,60,67,72,64,,60,,22,70,70,80,,0,56,75,73
239716,69,72,70,74,50,62,,60,81,73,50,,67,68,71,70
240107,52,65,58,67,,0,,100,44,65,33,0,100,55,63,75
240189,38,62,58,67,40,51,50,40,54,65,51,0,69,55,64,65
240268,39,65,65,64,75,55,0,46,51,69,55,67,14,58,67,67
240277,40,57,54,58,0,55,,50,52,59,24,,29,51,53,63
240329,44,71,70,72,0,44,0,31,63,73,63,,50,60,72,74
240338,51,64,57,70,50,50,0,63,13,69,25,100,60,54,73,65
240365,24,56,50,59,38,52,,29,45,57,51,100,50,49,53,61
240374,15,39,36,41,,41,0,31,35,40,45,,54,39,36,39
240392,32,34,25,40,,,,17,50,33,67,33,,13,13,25
240417,30,60,55,66,100,42,50,39,51,62,47,,56,54,61,63
240426,29,43,32,51,0,67,,50,50,44,35,,38,42,39,47
240444,66,88,86,91,60,89,88,80,82,89,89,75,92,83,84,91
240453,21,46,44,47,35,40,100,24,40,50,39,100,55,37,50,52
240462,26,56,55,58,20,65,0,25,49,58,41,0,15,50,58,58
240471,37,58,56,59,0,38,,40,49,61,32,100,33,53,56,62
240480,34,59,56,62,20,62,0,22,44,62,24,0,24,53,61,62
240727,33,59,54,64,80,52,67,41,46,63,41,50,55,52,52,63
240736,,100,,100,,,100,,,,,,,3,,0
240754,12,38,30,43,0,43,31,33,25,60,,25,20,35,30,45
240790,4,13,21,10,,20,7,0,,,50,,17,5,,3
241100,,25,27,23,,,,,25,,,,,16,0,13
241128,3,23,22,24,,,,,23,,,,,18,,0
241191,24,48,39,53,,,,0,49,50,,,,47,100,36
241216,18,36,31,52,,,,,36,,,,,34,0,40
241225,4,24,15,32,,,,,24,,,,,22,33,22
241304,50,50,0,100,,,,,50,,,,,25,,20
241377,2,5,0,9,,,,,5,,,,,1,,0
241386,13,31,33,30,,,,,31,,,,,22,,0
241395,14,42,37,45,,,,,42,,,,,32,50,100
241410,12,46,34,52,,,,,47,,,23,100,43,52,66
241517,29,29,50,20,,,,,29,,,,,3,0,0
241614,,,,,,,,,,,,,,0,,0
241720,12,19,13,25,,,,,19,,,,,9,,4
241739,4,32,29,34,,,,,32,,,,,22,20,29
241766,25,60,53,80,,,,,65,,,,33,40,,80
241836,29,29,25,33,,,,,29,,,,,11,4,
241951,,15,12,18,,,,,15,,,,,12,,44
242121,22,33,33,33,,,,,33,,,,,7,,0
242617,13,45,35,54,,,,0,45,67,,,,43,30,58
242626,13,37,28,45,100,0,,,37,100,,,,33,100,23
242635,10,36,29,44,,,,,36,33,,,,32,100,41
242644,20,46,36,53,,,,,46,,,,,40,56,0
242653,22,34,30,37,29,100,,100,34,43,,,,34,42,38
242662,10,35,29,40,100,100,,0,35,38,,,,40,80,39
242680,9,33,24,41,,,,,33,,,,,28,50,30
242699,19,34,25,39,,,,,34,0,,,,33,50,33
242705,7,31,27,36,17,,0,60,31,40,,,,31,44,41
242972,,2,0,3,,,,,2,,,,,0,0,0
243106,7,47,41,51,,,,,48,25,67,28,,39,0,40
243115,9,54,47,58,,,,,54,,,,,45,,48
243133,8,32,27,35,,,,,32,,,,,33,18,0
243142,36,51,46,54,33,100,,,51,100,33,,,38,0,43
243151,7,52,50,53,,,,,52,,,,,59,,39
243179,11,51,43,56,0,0,,,51,56,57,50,,44,100,49
243188,1,18,10,24,0,,,,18,,100,0,,5,,3
243197,4,46,36,56,,,,,46,,,,,43,67,52
243212,10,48,40,53,,,,,48,,,,,42,50,47
243221,17,53,49,56,60,100,,50,53,46,38,0,,50,44,60
243346,2,34,29,37,,,,,34,,,,,19,25,19
243443,7,42,39,43,,,,,42,,,,,38,40,47
243568,,,,,,,,,,,,,,0,,0
243577,2,24,22,32,,,,,24,,,,,22,36,33
243586,2,30,19,38,,,,,32,,,14,,26,33,0
243601,2,31,26,34,,,,,31,,,,,18,14,29
243665,7,29,26,31,0,100,,27,34,29,100,35,50,23,10,47
243744,74,95,95,96,82,96,86,95,97,95,95,100,93,95,93,95
243780,60,83,81,84,78,84,,71,75,83,80,81,85,75,81,85
243823,100,100,100,100,,,,,,100,,,,5,0,7
243832,14,43,17,63,,,,,43,,,,,6,0,10
245652,52,73,74,73,,100,,100,100,67,67,,89,87,65,72
245953,27,29,23,33,25,,0,5,40,37,33,,,22,26,27
246789,,,,,,,,,,,,,,,0,0
247065,,,,,,,,,,,,,,0,0,0
247773,,32,32,,,,,,,32,,,,33,,30
248934,37,39,41,35,33,46,0,31,38,41,29,75,,13,22,16
251312,8,8,0,14,,,,8,,0,,,,8,,0
260813,,,,,,,,,,,,,,,0,
262086,,,,,,,,,,,,,,,,0
262129,56,64,64,64,,67,,40,63,65,62,0,60,61,84,63
262165,67,67,100,50,,,,,,67,,,,,,14
363439,60,60,,60,,,,100,,50,,,,30,,
363712,5,11,11,,,,,,,11,,,,11,,10
363907,45,91,92,89,,,,,91,,,,,40,,0
363916,12,44,60,40,,,,,44,,,,,31,,0
363934,33,35,37,25,0,100,100,0,36,41,38,29,,38,31,
366003,10,30,20,40,,,,0,67,33,,,29,,,30
366252,42,55,55,54,100,33,,18,32,58,25,67,,18,24,28
366553,,,,,,,,,,,,,,0,0,0
366711,17,57,49,61,57,58,17,57,58,58,53,54,31,57,58,57
367884,14,19,26,12,,,,0,40,7,,0,,6,0,85
368443,50,75,100,60,,,,67,100,67,,,,19,0,
368452,25,78,93,68,,,,100,25,81,,,,58,0,67
369516,63,63,60,64,,,,50,100,62,100,0,,12,11,0
375230,,44,44,,,,,,,44,,,,44,,
376224,69,69,88,61,,,,,69,,,,,14,13,0
376385,50,50,,50,,,,,50,,,,,0,,7
377342,95,95,80,100,,,,100,80,100,,100,,9,20,8
377546,40,40,17,47,100,,,100,50,40,0,25,,40,33,100
377555,42,63,59,66,0,71,57,50,49,65,53,20,80,53,66,71
377564,45,60,59,61,29,70,13,59,50,67,56,67,60,57,67,63
380377,5,10,9,10,10,,,,,,0,,,8,,9
380465,,,,,,,,,,,,,,0,0,
384254,40,60,60,60,,0,100,67,33,60,67,,100,38,53,46
384412,,43,100,0,,,,43,,,,,,50,33,
384421,,,,,,,,,,,,,,0,,0
385619,52,58,64,53,,75,100,55,47,63,50,40,,51,61,100
386472,,,,,,,,,,,,,,0,0,
388520,,25,50,0,,,,0,0,,100,,,100,0,0
392257,27,27,100,21,,,,33,0,38,0,,,0,1,2
399869,45,47,46,75,,70,0,45,53,31,67,0,,11,27,16
399911,80,87,86,88,,79,100,75,80,80,100,100,95,71,63,100
401223,,40,100,25,,40,,,,,,,,50,,0
404338,19,19,29,11,,,,0,0,50,,25,0,13,0,18
405058,,,,,,,,,,,,,,0,,0
405854,,44,44,,,,,,,44,,,,82,,14
405997,,24,25,24,,,,0,31,33,,17,,29,33,11
408844,57,57,35,71,,0,,0,62,50,100,,,10,35,20
409315,7,13,14,13,,,,,11,67,,,,0,,1
409698,29,60,59,61,75,72,50,52,62,58,61,39,64,58,64,62
412599,58,58,60,57,,,,58,,,,,,0,0,27
413413,,,,,,,,,,,,,,0,0,
414823,45,50,49,51,,,,45,53,52,53,50,50,40,37,46
414878,,40,33,50,,,,,,40,,,,25,,50
417734,100,100,,100,,,,,,100,,,,100,100,
417752,,29,25,33,,,,0,100,33,,0,,6,50,0
420042,,19,0,23,,33,0,0,0,,40,22,,25,0,17
420325,,83,83,,,,,,,83,,,,83,,
421832,32,32,35,25,,,,25,67,43,0,,,11,17,27
421878,5,68,75,67,,50,,60,73,75,,,,55,100,50
426314,10,24,24,25,0,38,0,15,25,24,38,19,45,22,21,21
430184,,,,,,,,,,,,,,0,,0
430670,67,67,80,57,,,,,67,,,,,80,,0
431983,,,,,,,,,,,,,,0,,0
432223,,,,,,,,,,,,,,0,,
433004,38,38,33,40,,38,,,,,,,,25,50,50
433387,32,47,43,56,75,41,100,26,36,51,30,59,67,21,47,77
433536,33,33,0,38,,,,17,,100,,0,,16,,0
433660,29,53,48,57,25,63,75,67,46,54,38,43,73,59,58,47
434900,12,22,6,30,,,,,22,,,,,23,0,
434937,17,33,33,,,,,,,33,,,,0,,50
436429,46,48,48,47,50,70,,39,53,53,53,40,79,19,19,22
436614,64,64,75,60,,,,100,,62,,,,64,,67
436818,46,65,60,71,,76,,50,54,67,71,88,50,60,71,69
436827,43,64,60,67,,60,,33,74,63,73,56,60,59,56,70
436836,42,65,56,74,,88,,55,66,62,36,29,74,67,54,65
437097,33,33,33,,,,,0,,100,,0,,0,100,25
438151,16,16,13,21,0,60,0,12,35,15,15,10,,11,20,14
438179,17,17,25,0,0,,0,,33,0,,,,0,0,0
438498,56,60,47,100,100,75,,36,100,75,,50,,100,0,48
438586,38,38,50,29,,,,33,0,100,,50,,27,100,33
439288,46,53,45,58,33,50,,47,58,50,67,50,100,35,38,49
439701,9,17,17,20,0,100,0,,0,18,0,,,0,0,36
439862,14,29,0,67,,,29,,,,,,,29,,0
439969,,,,,,,,,,,,,,0,0,
440396,31,65,73,55,0,0,,,100,65,100,67,100,,,65
440651,48,48,69,39,,,,,48,,,,,9,0,
440749,,,,,,,,,,,,,,0,,0
440794,12,28,22,31,,,,8,50,0,0,,100,13,50,27
441690,,23,11,50,,,,,23,,,,,23,,
441900,8,23,23,23,,38,50,14,21,19,25,50,,16,27,34
441937,22,55,51,57,60,60,0,41,55,57,51,66,0,53,59,58
441982,80,94,93,94,,80,,100,100,95,100,80,100,90,85,98
442161,,13,0,33,,,,18,,,,0,,8,100,0
442356,100,100,,100,,100,,,,,,,,13,24,38
442569,13,17,26,9,,0,,9,25,32,29,16,,5,18,21
442639,,100,100,,,,,,,,,100,100,100,,100
442930,50,50,53,44,0,,,100,77,0,,0,100,6,5,1
443049,17,33,0,50,,40,,0,,,,,,,,33
443058,,,,,,,,,,,,,,0,,
443331,31,38,17,57,,43,,,,25,,50,,67,0,25
443340,,,,,,,,,,,,,,0,0,0
443410,38,53,48,70,,40,0,,75,52,43,54,50,53,49,55
443562,14,18,17,19,,,,,18,,,,,19,0,
443784,,,,,,,,,,,,,,,,0
444088,43,43,50,42,0,,,0,50,67,,,,4,0,13
444398,6,28,18,43,,,,0,36,0,,,,36,0,0
444413,9,34,34,,,,,,,34,,,,57,,28
445027,11,11,12,11,20,0,,12,10,12,0,9,,8,30,13
445133,47,58,40,64,,,,63,75,0,,50,,31,0,88
445188,45,69,66,72,80,72,80,68,69,59,69,64,72,68,70,70
445203,78,78,75,80,,,,75,100,,,,,1,0,7
445300,,,,,,,,,,,,,,0,0,
445692,64,66,65,80,,100,100,83,64,69,67,56,,61,70,72
445708,44,48,43,51,0,67,,38,46,60,36,50,100,26,55,55
446048,50,53,41,66,,13,,23,41,57,,62,75,45,51,57
446233,35,38,29,56,,0,,0,33,47,0,,,32,,10
446385,44,44,43,50,,0,,,0,67,100,,33,0,0,25
446604,,79,79,,,,,,0,80,,,0,80,,71
446640,17,25,29,20,0,80,,16,27,44,0,0,,21,50,21
447050,,,,,,,,,,,,,,0,,0
447458,2,44,39,62,0,43,0,18,38,60,56,42,,44,17,52
447689,3,18,17,18,0,19,,13,22,20,17,10,33,17,16,21
447953,40,50,41,63,,100,0,31,65,73,25,3,,54,50,45
448354,64,76,50,79,,67,,67,83,64,,100,,86,58,0
448673,100,100,100,,,,,,,100,,,,2,0,
449038,67,67,50,100,,,,,50,100,,,,67,,
449135,11,14,17,13,,,,,14,,,,,14,0,
449339,27,38,42,31,75,80,0,30,44,37,63,42,20,23,28,37
449658,12,46,46,,,,,,,46,,,50,75,,41
449764,11,11,8,17,,,,0,100,14,,0,,10,33,0
449870,10,28,19,50,,,,,17,,0,50,100,16,0,71
449898,17,17,33,11,,,,0,0,67,,,0,11,0,0
450298,100,100,,100,,,,,,100,,,,100,,
450377,,,,,,,,,,,,,,0,,100
450571,50,50,,50,,,,,,50,,,,6,0,0
450933,15,21,22,20,0,0,,15,14,27,16,21,,16,25,13
451370,,20,20,,,,,,,20,,,,0,,33
451398,,21,21,,,,,,,21,,,,9,,29
451404,,24,24,,,,,,,24,,,,24,,
451556,77,77,77,77,,,,50,78,100,,,,8,0,3
451741,8,8,0,14,,,,,8,,,,,1,0,
451750,33,33,0,50,,,,0,50,,,,,1,0,0
451820,19,23,22,25,0,0,0,33,35,32,,8,,19,21,28
451866,73,73,57,100,,,,71,,75,,,,2,0,9
451927,49,61,57,65,0,100,,,50,62,,57,,,,61
453163,,,,,,,,,,,,,,,,0
453215,100,100,100,,,,,,,,,,100,,,100
454184,38,50,45,54,0,75,,33,35,56,0,,44,35,65,59
454227,50,57,50,58,,100,,,17,83,,,,45,100,100
454236,40,40,50,38,,,,0,,44,,,,27,0,100
454245,50,50,,50,,,,,,50,,,,0,100,
455257,,50,50,,,,,,,50,,,,54,,18
455770,38,38,33,41,,,,,0,50,0,,50,23,25,75
456481,100,100,,100,,,,,100,,,,,100,,
456490,100,100,,100,,,,,100,,,,,,,100
456959,52,54,54,55,,56,,33,0,58,40,,0,56,56,53
457129,,,,,,,,,,,,,,0,,
457299,86,86,67,100,,86,,,,,,,,0,,22
457484,,33,33,,,,,100,,,0,,,100,0,0
457697,,,,,,,,,,,,,,0,,
458113,100,100,,100,,,,100,100,,,,,33,,33
458210,57,57,60,50,,75,,0,100,,,0,,100,40,
458229,73,73,100,67,,100,,,100,50,,100,,100,100,0
458496,48,55,55,55,0,,,50,75,57,,100,,39,67,40
458885,100,100,,100,,,,,,100,,,,100,,
458919,,,,,,,,,,,,,,0,,0
458964,50,50,0,100,,,,,,0,100,,,100,,0
458973,,,,,,,,,,,,,,0,,0
458982,18,20,17,25,0,,25,27,11,34,,0,,18,15,17
459259,8,8,0,9,,,,14,0,0,,,,0,20,0
459268,50,50,,50,,,,,100,33,,,,0,50,50
459727,33,33,,33,,,,,100,0,0,,,0,,100
459842,43,50,67,45,,100,,0,0,55,,,,19,43,
459851,50,50,,50,,,,,,100,,0,,4,0,25
459994,,,,,,,,,,,,,,0,,0
460376,,17,0,33,,,,,,,,,17,,,17
460738,,,,,,,,,,,,,,,,0
460783,31,34,38,33,,100,0,33,38,37,29,,,21,0,14
460871,50,50,100,0,,,,,,50,,,,100,0,
460899,17,17,17,15,,0,,0,0,26,10,0,,3,0,13
461023,10,10,33,6,0,,,0,0,0,,22,,13,13,2
461148,33,33,27,41,0,0,0,5,50,36,18,44,35,16,8,10
461528,,100,100,,,,,100,,,,,,33,0,0
461759,25,50,67,0,,,,67,,0,,,,14,,0
461795,49,53,49,59,,40,,38,52,75,,,62,41,100,59
461847,,,,,,,,,,,,,,,,0
461883,5,30,30,30,,,,,0,,,,32,0,,22
462354,53,56,52,59,100,,0,,64,59,50,50,0,58,58,53
463056,37,59,54,64,,65,,47,51,63,64,60,33,55,61,62
465812,12,12,13,12,8,30,29,9,16,15,7,12,,4,10,5
466921,,,,,,,,,,,,,,0,0,
466930,100,100,,100,,,,100,,,,,,,100,
469416,12,15,33,9,,,,,15,,,,,15,13,
474863,25,25,0,29,,,,0,50,50,,0,,17,0,0
474890,50,50,33,57,,,,,25,60,100,,,1,0,0
474906,13,13,10,14,,,,,0,20,0,0,,2,25,8
475121,1,2,1,3,0,0,0,2,5,3,,3,0,2,4,0
475608,21,50,50,50,,,,33,,44,,100,100,80,0,60
475635,,,,,,,,,,,,,,0,0,0
475732,33,33,,33,,,,50,,0,,,,33,,
475741,,,,,,,,,,,,,,0,0,0
476601,50,50,50,,,,,,,50,,,,62,,36
476692,17,17,17,,,,,,,17,,,,0,,25
476717,,45,45,,,,,,,46,,,0,51,,0
477039,100,100,,100,,,,,,100,,,,,100,
478634,67,67,57,80,,0,,83,83,50,100,,,7,15,16
480073,,,,,,,,,,,,,,0,0,0
480091,,,,,,,,,,,,,,1,0,0
480198,12,12,0,18,,,,33,50,0,,0,,18,0,0
480912,100,100,100,100,,,,100,,,,,,100,100,
481058,,59,60,57,,59,,,,,,,,100,,50
481225,67,67,50,100,,,,100,,50,,,,50,,100
481410,55,55,55,,,,,,,55,,,,67,,40
481438,32,32,32,,,,,,,32,,,,50,,28
481720,13,13,25,9,,,,10,100,0,,0,,14,0,
482149,20,47,41,51,50,64,100,43,42,46,40,73,73,41,44,52
482158,11,28,26,30,,60,,17,33,32,33,0,29,15,19,25
482228,33,33,33,,,,,,,33,,,,0,,33
482325,,,,,,,,,,,,,,,,0
482413,23,28,30,25,,25,,33,25,33,100,0,20,30,0,22
482422,12,14,10,23,0,100,,0,14,7,100,,,14,0,17
482431,20,26,25,27,,22,33,23,26,28,,22,50,23,13,31
482440,20,20,40,0,,,,,0,22,,,,13,,50
482459,11,11,14,6,,0,,13,18,10,,0,0,6,33,17
482468,18,21,29,13,,0,,19,29,14,,100,,26,0,0
482477,15,20,20,20,,43,,13,29,18,0,15,0,13,24,33
482486,17,17,0,25,,,,0,0,25,,,,0,100,0
482538,22,22,50,0,,,,0,,25,,,,22,0,0
482547,33,33,0,50,,0,,,100,0,0,100,,33,50,0
482556,31,38,44,19,,86,,20,28,45,,0,,31,41,36
482565,13,25,20,33,,100,,0,0,50,,,,29,0,
482574,12,17,18,17,,,,22,0,18,0,0,,11,18,43
482608,3,11,10,13,,0,,29,0,0,0,12,0,7,14,25
482617,33,33,0,50,,,,100,0,0,,,,33,,
482635,7,7,11,0,,,,0,0,50,0,0,0,0,0,50
482653,17,25,33,17,,,,0,0,50,,,0,14,50,33
482680,31,52,45,58,100,39,50,50,40,53,49,69,54,31,39,36
482699,,,,,,,,,,,,,,2,0,9
482936,36,50,50,50,67,43,0,52,35,55,,100,100,,,50
483018,59,66,60,68,,67,100,67,50,72,43,100,,,,66
483124,8,24,21,27,0,33,0,25,11,25,100,0,,22,30,27
483780,7,93,91,100,,100,,100,,,,,90,,,93
484473,63,75,100,71,,100,,,100,67,,,,100,100,50
484613,0,8,6,9,11,17,10,6,11,10,12,5,25,5,10,3
484631,2,24,20,27,,0,0,30,22,30,13,26,,27,31,15
484668,,11,29,0,,,,0,0,0,,17,,14,,9
484677,,12,0,25,,,,15,,0,0,11,,13,,0
484710,,9,0,14,,100,0,0,17,0,,0,,13,0,0
484729,,,,,,,,,,,,,,0,,0
484756,2,13,11,14,,,,14,20,0,,11,,21,0,4
484783,,9,25,0,,,,0,0,,0,20,,13,0,0
484835,71,71,100,64,,,,,71,,,,,20,0,
484871,,41,41,,,,,,,41,,,,44,,0
484905,24,37,25,43,,0,,31,40,20,0,0,,38,11,42
485263,51,51,49,53,50,75,,59,50,37,17,69,,8,6,13
485272,,,,,,,,,,,,,,0,,
485698,58,58,67,33,,0,,,,64,,,,,,58
485768,45,47,43,53,,100,,41,35,71,,,,,,47
485999,,,,,,,,,,,,,,0,,0
486017,33,33,33,,,,,,,33,,,,,,33
486026,3,3,3,,,,,,,3,,,,0,,6
486053,50,56,69,20,,100,,,,53,,,,,,56
486196,,2,2,,,,,,,2,,,,,,2
486284,24,29,0,38,,,,0,0,40,,25,,40,,23
486488,,,,,,,,,,,,,,,0,0
486840,18,47,42,52,14,47,0,47,43,47,44,43,58,42,44,52
486901,61,65,61,67,,100,,33,60,65,67,,57,70,82,51
486965,40,45,40,47,,50,,100,100,40,50,0,,67,100,29
487524,36,58,49,65,100,25,100,35,64,59,71,,71,48,69,63
487746,33,33,33,,,,,,,33,,,,,,33
488101,,42,42,,,,,,,42,,,,,42,
488314,,25,25,,,,,,,25,,,,,,25
488350,6,17,17,,,,,,,17,,,,,,17
488846,16,22,25,16,,100,,0,,50,,21,,,,18
489779,14,18,14,19,,,,0,0,21,0,0,,7,29,5
489937,28,40,29,55,,,,0,,56,,,,48,0,0
490045,25,50,67,0,,100,,,,,,,33,,,50
490230,100,100,,100,,100,,,,,,,,,,100
490276,,21,21,,,,,,,21,,,,,,21
490319,,11,11,,,,,,,11,,,,,,11
490513,4,33,33,,,,,,,33,,,,,,33
490805,22,42,42,42,25,58,,17,43,44,22,43,75,37,44,47
491057,50,50,50,,,,,,,50,,,,,,50
491525,60,80,100,67,,,,0,,100,,,,,,67
491613,,5,5,,,,,,,5,,,,,,5
491622,,,,,,,,,,,,,,,,0
491640,,3,3,,,,,,,3,,,,,,3
491710,7,64,64,,,,,,,64,,,,,,64
491765,5,5,5,,,,,,,5,,,,,,5
491914,,,,,,,,,,,,,,,,0
492801,5,23,20,25,,,,,0,25,0,0,,8,13,30
492962,4,10,18,7,0,,0,8,17,16,0,8,,4,0,20
493594,33,33,33,,,,,,,33,,,,,,33
493600,,11,11,,,,,,,11,,,,,,11
493664,,67,67,,,,,,,67,,,,,,67
493707,50,50,50,,,,,,,50,,,,,,50
494685,15,15,13,20,,,,,33,13,0,0,,,,12
495280,,,,,,,,,,,,,,,,0
495767,55,73,71,77,54,76,80,50,63,75,65,77,81,56,72,79
